[2026-08-21 12:49:49] WARNING: Undefined array key 0 in /var/www/html/GameEngine/Village.php:102 | uid=0 | page=/maintenance.php
[2026-08-21 12:49:49] WARNING: Undefined array key 0 in /var/www/html/GameEngine/Database/DatabaseVillageQueries.php:617 | uid=0 | page=/maintenance.php
[2026-08-21 12:49:49] WARNING: Trying to access array offset on null in /var/www/html/GameEngine/Village.php:164 | uid=0 | page=/maintenance.php
[2026-08-21 12:49:49] WARNING: Undefined array key "fieldtype" in /var/www/html/GameEngine/Database/DatabaseVillageQueries.php:581 | uid=0 | page=/maintenance.php
[2026-08-21 12:49:49] WARNING: Undefined array key 0 in /var/www/html/GameEngine/Database/DatabaseTroopQueries.php:403 | uid=0 | page=/maintenance.php
[2026-08-21 12:49:49] WARNING: Trying to access array offset on null in /var/www/html/GameEngine/Village.php:189 | uid=0 | page=/maintenance.php
[2026-08-21 12:49:49] WARNING: Trying to access array offset on null in /var/www/html/GameEngine/Village.php:190 | uid=0 | page=/maintenance.php
[2026-08-21 12:49:49] WARNING: Trying to access array offset on null in /var/www/html/GameEngine/Village.php:191 | uid=0 | page=/maintenance.php
[2026-08-21 12:49:49] WARNING: Trying to access array offset on null in /var/www/html/GameEngine/Village.php:192 | uid=0 | page=/maintenance.php
[2026-08-21 12:49:49] WARNING: Trying to access array offset on null in /var/www/html/GameEngine/Village.php:197 | uid=0 | page=/maintenance.php
[2026-08-21 12:49:49] WARNING: Trying to access array offset on null in /var/www/html/GameEngine/Village.php:199 | uid=0 | page=/maintenance.php
[2026-08-21 12:49:49] WARNING: Trying to access array offset on null in /var/www/html/GameEngine/Village.php:200 | uid=0 | page=/maintenance.php
[2026-08-21 12:49:49] WARNING: Trying to access array offset on null in /var/www/html/GameEngine/Village.php:201 | uid=0 | page=/maintenance.php
[2026-08-21 12:49:49] WARNING: Trying to access array offset on null in /var/www/html/GameEngine/Village.php:202 | uid=0 | page=/maintenance.php
[2026-08-21 12:49:49] WARNING: Trying to access array offset on null in /var/www/html/GameEngine/Village.php:206 | uid=0 | page=/maintenance.php
[2026-08-21 12:49:49] WARNING: Trying to access array offset on null in /var/www/html/GameEngine/Village.php:207 | uid=0 | page=/maintenance.php
[2026-08-21 12:49:49] WARNING: Trying to access array offset on null in /var/www/html/GameEngine/Village.php:208 | uid=0 | page=/maintenance.php
[2026-08-21 12:49:49] WARNING: Trying to access array offset on null in /var/www/html/GameEngine/Village.php:395 | uid=0 | page=/maintenance.php
[2026-08-21 12:49:49] WARNING: Trying to access array offset on null in /var/www/html/GameEngine/Village.php:396 | uid=0 | page=/maintenance.php
[2026-08-21 12:49:49] WARNING: Trying to access array offset on null in /var/www/html/GameEngine/Village.php:395 | uid=0 | page=/maintenance.php
[2026-08-21 12:49:49] WARNING: Trying to access array offset on null in /var/www/html/GameEngine/Village.php:396 | uid=0 | page=/maintenance.php
[2026-08-21 12:49:49] WARNING: Trying to access array offset on null in /var/www/html/GameEngine/Village.php:395 | uid=0 | page=/maintenance.php
[2026-08-21 12:49:49] WARNING: Trying to access array offset on null in /var/www/html/GameEngine/Village.php:396 | uid=0 | page=/maintenance.php
[2026-08-21 12:49:49] WARNING: Trying to access array offset on null in /var/www/html/GameEngine/Village.php:395 | uid=0 | page=/maintenance.php
[2026-08-21 12:49:49] WARNING: Trying to access array offset on null in /var/www/html/GameEngine/Village.php:396 | uid=0 | page=/maintenance.php
[2026-08-21 12:49:49] WARNING: Trying to access array offset on null in /var/www/html/GameEngine/Village.php:395 | uid=0 | page=/maintenance.php
[2026-08-21 12:49:49] WARNING: Trying to access array offset on null in /var/www/html/GameEngine/Village.php:396 | uid=0 | page=/maintenance.php
[2026-08-21 12:49:49] WARNING: Trying to access array offset on null in /var/www/html/GameEngine/Village.php:395 | uid=0 | page=/maintenance.php
[2026-08-21 12:49:49] WARNING: Trying to access array offset on null in /var/www/html/GameEngine/Village.php:396 | uid=0 | page=/maintenance.php
[2026-08-21 12:49:49] WARNING: Trying to access array offset on null in /var/www/html/GameEngine/Village.php:395 | uid=0 | page=/maintenance.php
[2026-08-21 12:49:49] WARNING: Trying to access array offset on null in /var/www/html/GameEngine/Village.php:396 | uid=0 | page=/maintenance.php
[2026-08-21 12:49:49] WARNING: Trying to access array offset on null in /var/www/html/GameEngine/Village.php:395 | uid=0 | page=/maintenance.php
[2026-08-21 12:49:49] WARNING: Trying to access array offset on null in /var/www/html/GameEngine/Village.php:396 | uid=0 | page=/maintenance.php
[2026-08-21 12:49:49] WARNING: Trying to access array offset on null in /var/www/html/GameEngine/Village.php:395 | uid=0 | page=/maintenance.php
[2026-08-21 12:49:49] WARNING: Trying to access array offset on null in /var/www/html/GameEngine/Village.php:396 | uid=0 | page=/maintenance.php
[2026-08-21 12:49:49] WARNING: Trying to access array offset on null in /var/www/html/GameEngine/Village.php:395 | uid=0 | page=/maintenance.php
[2026-08-21 12:49:49] WARNING: Trying to access array offset on null in /var/www/html/GameEngine/Village.php:396 | uid=0 | page=/maintenance.php
[2026-08-21 12:49:49] WARNING: Trying to access array offset on null in /var/www/html/GameEngine/Village.php:395 | uid=0 | page=/maintenance.php
[2026-08-21 12:49:49] WARNING: Trying to access array offset on null in /var/www/html/GameEngine/Village.php:396 | uid=0 | page=/maintenance.php
[2026-08-21 12:49:49] WARNING: Trying to access array offset on null in /var/www/html/GameEngine/Village.php:395 | uid=0 | page=/maintenance.php
[2026-08-21 12:49:49] WARNING: Trying to access array offset on null in /var/www/html/GameEngine/Village.php:396 | uid=0 | page=/maintenance.php
[2026-08-21 12:49:49] WARNING: Trying to access array offset on null in /var/www/html/GameEngine/Village.php:395 | uid=0 | page=/maintenance.php
[2026-08-21 12:49:49] WARNING: Trying to access array offset on null in /var/www/html/GameEngine/Village.php:396 | uid=0 | page=/maintenance.php
[2026-08-21 12:49:49] WARNING: Trying to access array offset on null in /var/www/html/GameEngine/Village.php:395 | uid=0 | page=/maintenance.php
[2026-08-21 12:49:49] WARNING: Trying to access array offset on null in /var/www/html/GameEngine/Village.php:396 | uid=0 | page=/maintenance.php
[2026-08-21 12:49:49] WARNING: Trying to access array offset on null in /var/www/html/GameEngine/Village.php:395 | uid=0 | page=/maintenance.php
[2026-08-21 12:49:49] WARNING: Trying to access array offset on null in /var/www/html/GameEngine/Village.php:396 | uid=0 | page=/maintenance.php
[2026-08-21 12:49:49] WARNING: Trying to access array offset on null in /var/www/html/GameEngine/Village.php:395 | uid=0 | page=/maintenance.php
[2026-08-21 12:49:49] WARNING: Trying to access array offset on null in /var/www/html/GameEngine/Village.php:396 | uid=0 | page=/maintenance.php
[2026-08-21 12:49:49] WARNING: Trying to access array offset on null in /var/www/html/GameEngine/Village.php:395 | uid=0 | page=/maintenance.php
[2026-08-21 12:49:49] WARNING: Trying to access array offset on null in /var/www/html/GameEngine/Village.php:396 | uid=0 | page=/maintenance.php
[2026-08-21 12:49:49] WARNING: Trying to access array offset on null in /var/www/html/GameEngine/Village.php:395 | uid=0 | page=/maintenance.php
[2026-08-21 12:49:50] WARNING: Trying to access array offset on null in /var/www/html/GameEngine/Village.php:396 | uid=0 | page=/maintenance.php
[2026-08-21 12:49:50] WARNING: Trying to access array offset on null in /var/www/html/GameEngine/Village.php:395 | uid=0 | page=/maintenance.php
[2026-08-21 12:49:50] WARNING: Trying to access array offset on null in /var/www/html/GameEngine/Village.php:396 | uid=0 | page=/maintenance.php
[2026-08-21 12:49:50] WARNING: Trying to access array offset on null in /var/www/html/GameEngine/Village.php:395 | uid=0 | page=/maintenance.php
[2026-08-21 12:49:50] WARNING: Trying to access array offset on null in /var/www/html/GameEngine/Village.php:396 | uid=0 | page=/maintenance.php
[2026-08-21 12:49:50] WARNING: Trying to access array offset on null in /var/www/html/GameEngine/Village.php:395 | uid=0 | page=/maintenance.php
[2026-08-21 12:49:50] WARNING: Trying to access array offset on null in /var/www/html/GameEngine/Village.php:396 | uid=0 | page=/maintenance.php
[2026-08-21 12:49:50] WARNING: Trying to access array offset on null in /var/www/html/GameEngine/Village.php:395 | uid=0 | page=/maintenance.php
[2026-08-21 12:49:50] WARNING: Trying to access array offset on null in /var/www/html/GameEngine/Village.php:396 | uid=0 | page=/maintenance.php
[2026-08-21 12:49:50] WARNING: Trying to access array offset on null in /var/www/html/GameEngine/Village.php:395 | uid=0 | page=/maintenance.php
[2026-08-21 12:49:50] WARNING: Trying to access array offset on null in /var/www/html/GameEngine/Village.php:396 | uid=0 | page=/maintenance.php
[2026-08-21 12:49:50] WARNING: Trying to access array offset on null in /var/www/html/GameEngine/Village.php:395 | uid=0 | page=/maintenance.php
[2026-08-21 12:49:50] WARNING: Trying to access array offset on null in /var/www/html/GameEngine/Village.php:396 | uid=0 | page=/maintenance.php
[2026-08-21 12:49:50] WARNING: Trying to access array offset on null in /var/www/html/GameEngine/Village.php:395 | uid=0 | page=/maintenance.php
[2026-08-21 12:49:50] WARNING: Trying to access array offset on null in /var/www/html/GameEngine/Village.php:396 | uid=0 | page=/maintenance.php
[2026-08-21 12:49:50] WARNING: Trying to access array offset on null in /var/www/html/GameEngine/Village.php:395 | uid=0 | page=/maintenance.php
[2026-08-21 12:49:50] WARNING: Trying to access array offset on null in /var/www/html/GameEngine/Village.php:396 | uid=0 | page=/maintenance.php
[2026-08-21 12:49:50] WARNING: Trying to access array offset on null in /var/www/html/GameEngine/Village.php:395 | uid=0 | page=/maintenance.php
[2026-08-21 12:49:50] WARNING: Trying to access array offset on null in /var/www/html/GameEngine/Village.php:396 | uid=0 | page=/maintenance.php
[2026-08-21 12:49:50] WARNING: Trying to access array offset on null in /var/www/html/GameEngine/Village.php:395 | uid=0 | page=/maintenance.php
[2026-08-21 12:49:50] WARNING: Trying to access array offset on null in /var/www/html/GameEngine/Village.php:396 | uid=0 | page=/maintenance.php
[2026-08-21 12:49:50] WARNING: Trying to access array offset on null in /var/www/html/GameEngine/Village.php:395 | uid=0 | page=/maintenance.php
[2026-08-21 12:49:50] WARNING: Trying to access array offset on null in /var/www/html/GameEngine/Village.php:396 | uid=0 | page=/maintenance.php
[2026-08-21 12:49:50] WARNING: Trying to access array offset on null in /var/www/html/GameEngine/Village.php:395 | uid=0 | page=/maintenance.php
[2026-08-21 12:49:50] WARNING: Trying to access array offset on null in /var/www/html/GameEngine/Village.php:396 | uid=0 | page=/maintenance.php
[2026-08-21 12:49:50] WARNING: Trying to access array offset on null in /var/www/html/GameEngine/Village.php:395 | uid=0 | page=/maintenance.php
[2026-08-21 12:49:50] WARNING: Trying to access array offset on null in /var/www/html/GameEngine/Village.php:396 | uid=0 | page=/maintenance.php
[2026-08-21 12:49:50] WARNING: Trying to access array offset on null in /var/www/html/GameEngine/Village.php:395 | uid=0 | page=/maintenance.php
[2026-08-21 12:49:50] WARNING: Trying to access array offset on null in /var/www/html/GameEngine/Village.php:396 | uid=0 | page=/maintenance.php
[2026-08-21 12:49:50] WARNING: Trying to access array offset on null in /var/www/html/GameEngine/Village.php:395 | uid=0 | page=/maintenance.php
[2026-08-21 12:49:50] WARNING: Trying to access array offset on null in /var/www/html/GameEngine/Village.php:396 | uid=0 | page=/maintenance.php
[2026-08-21 12:49:50] WARNING: Trying to access array offset on null in /var/www/html/GameEngine/Village.php:395 | uid=0 | page=/maintenance.php
[2026-08-21 12:49:50] WARNING: Trying to access array offset on null in /var/www/html/GameEngine/Village.php:396 | uid=0 | page=/maintenance.php
[2026-08-21 12:49:50] WARNING: Trying to access array offset on null in /var/www/html/GameEngine/Village.php:395 | uid=0 | page=/maintenance.php
[2026-08-21 12:49:50] WARNING: Trying to access array offset on null in /var/www/html/GameEngine/Village.php:396 | uid=0 | page=/maintenance.php
[2026-08-21 12:49:50] WARNING: Trying to access array offset on null in /var/www/html/GameEngine/Village.php:395 | uid=0 | page=/maintenance.php
[2026-08-21 12:49:50] WARNING: Trying to access array offset on null in /var/www/html/GameEngine/Village.php:396 | uid=0 | page=/maintenance.php
[2026-08-21 12:49:50] WARNING: Trying to access array offset on null in /var/www/html/GameEngine/Village.php:395 | uid=0 | page=/maintenance.php
[2026-08-21 12:49:50] WARNING: Trying to access array offset on null in /var/www/html/GameEngine/Village.php:396 | uid=0 | page=/maintenance.php
[2026-08-21 12:49:50] WARNING: Trying to access array offset on null in /var/www/html/GameEngine/Village.php:395 | uid=0 | page=/maintenance.php
[2026-08-21 12:49:50] WARNING: Trying to access array offset on null in /var/www/html/GameEngine/Village.php:396 | uid=0 | page=/maintenance.php
[2026-08-21 12:49:50] WARNING: Trying to access array offset on null in /var/www/html/GameEngine/Village.php:211 | uid=0 | page=/maintenance.php
[2026-08-21 12:49:50] WARNING: Trying to access array offset on null in /var/www/html/GameEngine/Village.php:247 | uid=0 | page=/maintenance.php
[2026-08-21 12:49:50] FATAL: Uncaught Exception: Unable to find class AccessLogger. in /var/www/html/autoloader.php:52 Stack trace: #0 /var/www/html/maintenance.php(7): autoloadClass() #1 {main}   thrown in /var/www/html/autoloader.php:52 | uid=0 | page=/maintenance.php
[2026-08-21 12:51:21] WARNING: Undefined array key 0 in /var/www/html/GameEngine/Village.php:102 | uid=0 | page=/maintenance.php
[2026-08-21 12:51:21] WARNING: Undefined array key 0 in /var/www/html/GameEngine/Database/DatabaseVillageQueries.php:617 | uid=0 | page=/maintenance.php
[2026-08-21 12:51:21] WARNING: Trying to access array offset on null in /var/www/html/GameEngine/Village.php:164 | uid=0 | page=/maintenance.php
[2026-08-21 12:51:21] WARNING: Undefined array key "fieldtype" in /var/www/html/GameEngine/Database/DatabaseVillageQueries.php:581 | uid=0 | page=/maintenance.php
[2026-08-21 12:51:21] WARNING: Undefined array key 0 in /var/www/html/GameEngine/Database/DatabaseTroopQueries.php:403 | uid=0 | page=/maintenance.php
[2026-08-21 12:51:21] WARNING: Trying to access array offset on null in /var/www/html/GameEngine/Village.php:189 | uid=0 | page=/maintenance.php
[2026-08-21 12:51:21] WARNING: Trying to access array offset on null in /var/www/html/GameEngine/Village.php:190 | uid=0 | page=/maintenance.php
[2026-08-21 12:51:21] WARNING: Trying to access array offset on null in /var/www/html/GameEngine/Village.php:191 | uid=0 | page=/maintenance.php
[2026-08-21 12:51:21] WARNING: Trying to access array offset on null in /var/www/html/GameEngine/Village.php:192 | uid=0 | page=/maintenance.php
[2026-08-21 12:51:21] WARNING: Trying to access array offset on null in /var/www/html/GameEngine/Village.php:197 | uid=0 | page=/maintenance.php
[2026-08-21 12:51:21] WARNING: Trying to access array offset on null in /var/www/html/GameEngine/Village.php:199 | uid=0 | page=/maintenance.php
[2026-08-21 12:51:21] WARNING: Trying to access array offset on null in /var/www/html/GameEngine/Village.php:200 | uid=0 | page=/maintenance.php
[2026-08-21 12:51:21] WARNING: Trying to access array offset on null in /var/www/html/GameEngine/Village.php:201 | uid=0 | page=/maintenance.php
[2026-08-21 12:51:21] WARNING: Trying to access array offset on null in /var/www/html/GameEngine/Village.php:202 | uid=0 | page=/maintenance.php
[2026-08-21 12:51:21] WARNING: Trying to access array offset on null in /var/www/html/GameEngine/Village.php:206 | uid=0 | page=/maintenance.php
[2026-08-21 12:51:21] WARNING: Trying to access array offset on null in /var/www/html/GameEngine/Village.php:207 | uid=0 | page=/maintenance.php
[2026-08-21 12:51:21] WARNING: Trying to access array offset on null in /var/www/html/GameEngine/Village.php:208 | uid=0 | page=/maintenance.php
[2026-08-21 12:51:21] WARNING: Trying to access array offset on null in /var/www/html/GameEngine/Village.php:395 | uid=0 | page=/maintenance.php
[2026-08-21 12:51:21] WARNING: Trying to access array offset on null in /var/www/html/GameEngine/Village.php:396 | uid=0 | page=/maintenance.php
[2026-08-21 12:51:21] WARNING: Trying to access array offset on null in /var/www/html/GameEngine/Village.php:395 | uid=0 | page=/maintenance.php
[2026-08-21 12:51:22] WARNING: Trying to access array offset on null in /var/www/html/GameEngine/Village.php:396 | uid=0 | page=/maintenance.php
[2026-08-21 12:51:22] WARNING: Trying to access array offset on null in /var/www/html/GameEngine/Village.php:395 | uid=0 | page=/maintenance.php
[2026-08-21 12:51:22] WARNING: Trying to access array offset on null in /var/www/html/GameEngine/Village.php:396 | uid=0 | page=/maintenance.php
[2026-08-21 12:51:22] WARNING: Trying to access array offset on null in /var/www/html/GameEngine/Village.php:395 | uid=0 | page=/maintenance.php
[2026-08-21 12:51:22] WARNING: Trying to access array offset on null in /var/www/html/GameEngine/Village.php:396 | uid=0 | page=/maintenance.php
[2026-08-21 12:51:22] WARNING: Trying to access array offset on null in /var/www/html/GameEngine/Village.php:395 | uid=0 | page=/maintenance.php
[2026-08-21 12:51:22] WARNING: Trying to access array offset on null in /var/www/html/GameEngine/Village.php:396 | uid=0 | page=/maintenance.php
[2026-08-21 12:51:22] WARNING: Trying to access array offset on null in /var/www/html/GameEngine/Village.php:395 | uid=0 | page=/maintenance.php
[2026-08-21 12:51:22] WARNING: Trying to access array offset on null in /var/www/html/GameEngine/Village.php:396 | uid=0 | page=/maintenance.php
[2026-08-21 12:51:22] WARNING: Trying to access array offset on null in /var/www/html/GameEngine/Village.php:395 | uid=0 | page=/maintenance.php
[2026-08-21 12:51:22] WARNING: Trying to access array offset on null in /var/www/html/GameEngine/Village.php:396 | uid=0 | page=/maintenance.php
[2026-08-21 12:51:22] WARNING: Trying to access array offset on null in /var/www/html/GameEngine/Village.php:395 | uid=0 | page=/maintenance.php
[2026-08-21 12:51:22] WARNING: Trying to access array offset on null in /var/www/html/GameEngine/Village.php:396 | uid=0 | page=/maintenance.php
[2026-08-21 12:51:22] WARNING: Trying to access array offset on null in /var/www/html/GameEngine/Village.php:395 | uid=0 | page=/maintenance.php
[2026-08-21 12:51:22] WARNING: Trying to access array offset on null in /var/www/html/GameEngine/Village.php:396 | uid=0 | page=/maintenance.php
[2026-08-21 12:51:22] WARNING: Trying to access array offset on null in /var/www/html/GameEngine/Village.php:395 | uid=0 | page=/maintenance.php
[2026-08-21 12:51:22] WARNING: Trying to access array offset on null in /var/www/html/GameEngine/Village.php:396 | uid=0 | page=/maintenance.php
[2026-08-21 12:51:22] WARNING: Trying to access array offset on null in /var/www/html/GameEngine/Village.php:395 | uid=0 | page=/maintenance.php
[2026-08-21 12:51:22] WARNING: Trying to access array offset on null in /var/www/html/GameEngine/Village.php:396 | uid=0 | page=/maintenance.php
[2026-08-21 12:51:22] WARNING: Trying to access array offset on null in /var/www/html/GameEngine/Village.php:395 | uid=0 | page=/maintenance.php
[2026-08-21 12:51:22] WARNING: Trying to access array offset on null in /var/www/html/GameEngine/Village.php:396 | uid=0 | page=/maintenance.php
[2026-08-21 12:51:22] WARNING: Trying to access array offset on null in /var/www/html/GameEngine/Village.php:395 | uid=0 | page=/maintenance.php
[2026-08-21 12:51:22] WARNING: Trying to access array offset on null in /var/www/html/GameEngine/Village.php:396 | uid=0 | page=/maintenance.php
[2026-08-21 12:51:22] WARNING: Trying to access array offset on null in /var/www/html/GameEngine/Village.php:395 | uid=0 | page=/maintenance.php
[2026-08-21 12:51:22] WARNING: Trying to access array offset on null in /var/www/html/GameEngine/Village.php:396 | uid=0 | page=/maintenance.php
[2026-08-21 12:51:22] WARNING: Trying to access array offset on null in /var/www/html/GameEngine/Village.php:395 | uid=0 | page=/maintenance.php
[2026-08-21 12:51:22] WARNING: Trying to access array offset on null in /var/www/html/GameEngine/Village.php:396 | uid=0 | page=/maintenance.php
[2026-08-21 12:51:22] WARNING: Trying to access array offset on null in /var/www/html/GameEngine/Village.php:395 | uid=0 | page=/maintenance.php
[2026-08-21 12:51:22] WARNING: Trying to access array offset on null in /var/www/html/GameEngine/Village.php:396 | uid=0 | page=/maintenance.php
[2026-08-21 12:51:22] WARNING: Trying to access array offset on null in /var/www/html/GameEngine/Village.php:395 | uid=0 | page=/maintenance.php
[2026-08-21 12:51:22] WARNING: Trying to access array offset on null in /var/www/html/GameEngine/Village.php:396 | uid=0 | page=/maintenance.php
[2026-08-21 12:51:22] WARNING: Trying to access array offset on null in /var/www/html/GameEngine/Village.php:395 | uid=0 | page=/maintenance.php
[2026-08-21 12:51:22] WARNING: Trying to access array offset on null in /var/www/html/GameEngine/Village.php:396 | uid=0 | page=/maintenance.php
[2026-08-21 12:51:22] WARNING: Trying to access array offset on null in /var/www/html/GameEngine/Village.php:395 | uid=0 | page=/maintenance.php
[2026-08-21 12:51:22] WARNING: Trying to access array offset on null in /var/www/html/GameEngine/Village.php:396 | uid=0 | page=/maintenance.php
[2026-08-21 12:51:22] WARNING: Trying to access array offset on null in /var/www/html/GameEngine/Village.php:395 | uid=0 | page=/maintenance.php
[2026-08-21 12:51:22] WARNING: Trying to access array offset on null in /var/www/html/GameEngine/Village.php:396 | uid=0 | page=/maintenance.php
[2026-08-21 12:51:22] WARNING: Trying to access array offset on null in /var/www/html/GameEngine/Village.php:395 | uid=0 | page=/maintenance.php
[2026-08-21 12:51:22] WARNING: Trying to access array offset on null in /var/www/html/GameEngine/Village.php:396 | uid=0 | page=/maintenance.php
[2026-08-21 12:51:22] WARNING: Trying to access array offset on null in /var/www/html/GameEngine/Village.php:395 | uid=0 | page=/maintenance.php
[2026-08-21 12:51:22] WARNING: Trying to access array offset on null in /var/www/html/GameEngine/Village.php:396 | uid=0 | page=/maintenance.php
[2026-08-21 12:51:22] WARNING: Trying to access array offset on null in /var/www/html/GameEngine/Village.php:395 | uid=0 | page=/maintenance.php
[2026-08-21 12:51:22] WARNING: Trying to access array offset on null in /var/www/html/GameEngine/Village.php:396 | uid=0 | page=/maintenance.php
[2026-08-21 12:51:22] WARNING: Trying to access array offset on null in /var/www/html/GameEngine/Village.php:395 | uid=0 | page=/maintenance.php
[2026-08-21 12:51:22] WARNING: Trying to access array offset on null in /var/www/html/GameEngine/Village.php:396 | uid=0 | page=/maintenance.php
[2026-08-21 12:51:22] WARNING: Trying to access array offset on null in /var/www/html/GameEngine/Village.php:395 | uid=0 | page=/maintenance.php
[2026-08-21 12:51:22] WARNING: Trying to access array offset on null in /var/www/html/GameEngine/Village.php:396 | uid=0 | page=/maintenance.php
[2026-08-21 12:51:22] WARNING: Trying to access array offset on null in /var/www/html/GameEngine/Village.php:395 | uid=0 | page=/maintenance.php
[2026-08-21 12:51:22] WARNING: Trying to access array offset on null in /var/www/html/GameEngine/Village.php:396 | uid=0 | page=/maintenance.php
[2026-08-21 12:51:22] WARNING: Trying to access array offset on null in /var/www/html/GameEngine/Village.php:395 | uid=0 | page=/maintenance.php
[2026-08-21 12:51:22] WARNING: Trying to access array offset on null in /var/www/html/GameEngine/Village.php:396 | uid=0 | page=/maintenance.php
[2026-08-21 12:51:22] WARNING: Trying to access array offset on null in /var/www/html/GameEngine/Village.php:395 | uid=0 | page=/maintenance.php
[2026-08-21 12:51:22] WARNING: Trying to access array offset on null in /var/www/html/GameEngine/Village.php:396 | uid=0 | page=/maintenance.php
[2026-08-21 12:51:22] WARNING: Trying to access array offset on null in /var/www/html/GameEngine/Village.php:395 | uid=0 | page=/maintenance.php
[2026-08-21 12:51:22] WARNING: Trying to access array offset on null in /var/www/html/GameEngine/Village.php:396 | uid=0 | page=/maintenance.php
[2026-08-21 12:51:22] WARNING: Trying to access array offset on null in /var/www/html/GameEngine/Village.php:395 | uid=0 | page=/maintenance.php
[2026-08-21 12:51:22] WARNING: Trying to access array offset on null in /var/www/html/GameEngine/Village.php:396 | uid=0 | page=/maintenance.php
[2026-08-21 12:51:22] WARNING: Trying to access array offset on null in /var/www/html/GameEngine/Village.php:395 | uid=0 | page=/maintenance.php
[2026-08-21 12:51:22] WARNING: Trying to access array offset on null in /var/www/html/GameEngine/Village.php:396 | uid=0 | page=/maintenance.php
[2026-08-21 12:51:22] WARNING: Trying to access array offset on null in /var/www/html/GameEngine/Village.php:395 | uid=0 | page=/maintenance.php
[2026-08-21 12:51:22] WARNING: Trying to access array offset on null in /var/www/html/GameEngine/Village.php:396 | uid=0 | page=/maintenance.php
[2026-08-21 12:51:22] WARNING: Trying to access array offset on null in /var/www/html/GameEngine/Village.php:395 | uid=0 | page=/maintenance.php
[2026-08-21 12:51:22] WARNING: Trying to access array offset on null in /var/www/html/GameEngine/Village.php:396 | uid=0 | page=/maintenance.php
[2026-08-21 12:51:22] WARNING: Trying to access array offset on null in /var/www/html/GameEngine/Village.php:395 | uid=0 | page=/maintenance.php
[2026-08-21 12:51:22] WARNING: Trying to access array offset on null in /var/www/html/GameEngine/Village.php:396 | uid=0 | page=/maintenance.php
[2026-08-21 12:51:22] WARNING: Trying to access array offset on null in /var/www/html/GameEngine/Village.php:395 | uid=0 | page=/maintenance.php
[2026-08-21 12:51:22] WARNING: Trying to access array offset on null in /var/www/html/GameEngine/Village.php:396 | uid=0 | page=/maintenance.php
[2026-08-21 12:51:22] WARNING: Trying to access array offset on null in /var/www/html/GameEngine/Village.php:395 | uid=0 | page=/maintenance.php
[2026-08-21 12:51:22] WARNING: Trying to access array offset on null in /var/www/html/GameEngine/Village.php:396 | uid=0 | page=/maintenance.php
[2026-08-21 12:51:22] WARNING: Trying to access array offset on null in /var/www/html/GameEngine/Village.php:395 | uid=0 | page=/maintenance.php
[2026-08-21 12:51:22] WARNING: Trying to access array offset on null in /var/www/html/GameEngine/Village.php:396 | uid=0 | page=/maintenance.php
[2026-08-21 12:51:22] WARNING: Trying to access array offset on null in /var/www/html/GameEngine/Village.php:395 | uid=0 | page=/maintenance.php
[2026-08-21 12:51:22] WARNING: Trying to access array offset on null in /var/www/html/GameEngine/Village.php:396 | uid=0 | page=/maintenance.php
[2026-08-21 12:51:22] WARNING: Trying to access array offset on null in /var/www/html/GameEngine/Village.php:211 | uid=0 | page=/maintenance.php
[2026-08-21 12:51:22] WARNING: Trying to access array offset on null in /var/www/html/GameEngine/Village.php:247 | uid=0 | page=/maintenance.php
[2026-08-21 12:51:22] FATAL: Uncaught Exception: Unable to find class AccessLogger. in /var/www/html/autoloader.php:52 Stack trace: #0 /var/www/html/maintenance.php(7): autoloadClass() #1 {main}   thrown in /var/www/html/autoloader.php:52 | uid=0 | page=/maintenance.php
[2026-08-21 12:55:10] WARNING: Undefined array key 0 in /var/www/html/GameEngine/Village.php:102 | uid=0 | page=/maintenance.php
[2026-08-21 12:55:10] WARNING: Undefined array key 0 in /var/www/html/GameEngine/Database/DatabaseVillageQueries.php:617 | uid=0 | page=/maintenance.php
[2026-08-21 12:55:10] WARNING: Trying to access array offset on null in /var/www/html/GameEngine/Village.php:164 | uid=0 | page=/maintenance.php
[2026-08-21 12:55:10] WARNING: Undefined array key "fieldtype" in /var/www/html/GameEngine/Database/DatabaseVillageQueries.php:581 | uid=0 | page=/maintenance.php
[2026-08-21 12:55:10] WARNING: Undefined array key 0 in /var/www/html/GameEngine/Database/DatabaseTroopQueries.php:403 | uid=0 | page=/maintenance.php
[2026-08-21 12:55:10] WARNING: Trying to access array offset on null in /var/www/html/GameEngine/Village.php:189 | uid=0 | page=/maintenance.php
[2026-08-21 12:55:10] WARNING: Trying to access array offset on null in /var/www/html/GameEngine/Village.php:190 | uid=0 | page=/maintenance.php
[2026-08-21 12:55:10] WARNING: Trying to access array offset on null in /var/www/html/GameEngine/Village.php:191 | uid=0 | page=/maintenance.php
[2026-08-21 12:55:10] WARNING: Trying to access array offset on null in /var/www/html/GameEngine/Village.php:192 | uid=0 | page=/maintenance.php
[2026-08-21 12:55:10] WARNING: Trying to access array offset on null in /var/www/html/GameEngine/Village.php:197 | uid=0 | page=/maintenance.php
[2026-08-21 12:55:10] WARNING: Trying to access array offset on null in /var/www/html/GameEngine/Village.php:199 | uid=0 | page=/maintenance.php
[2026-08-21 12:55:10] WARNING: Trying to access array offset on null in /var/www/html/GameEngine/Village.php:200 | uid=0 | page=/maintenance.php
[2026-08-21 12:55:10] WARNING: Trying to access array offset on null in /var/www/html/GameEngine/Village.php:201 | uid=0 | page=/maintenance.php
[2026-08-21 12:55:10] WARNING: Trying to access array offset on null in /var/www/html/GameEngine/Village.php:202 | uid=0 | page=/maintenance.php
[2026-08-21 12:55:10] WARNING: Trying to access array offset on null in /var/www/html/GameEngine/Village.php:206 | uid=0 | page=/maintenance.php
[2026-08-21 12:55:10] WARNING: Trying to access array offset on null in /var/www/html/GameEngine/Village.php:207 | uid=0 | page=/maintenance.php
[2026-08-21 12:55:10] WARNING: Trying to access array offset on null in /var/www/html/GameEngine/Village.php:208 | uid=0 | page=/maintenance.php
[2026-08-21 12:55:10] WARNING: Trying to access array offset on null in /var/www/html/GameEngine/Village.php:395 | uid=0 | page=/maintenance.php
[2026-08-21 12:55:10] WARNING: Trying to access array offset on null in /var/www/html/GameEngine/Village.php:396 | uid=0 | page=/maintenance.php
[2026-08-21 12:55:10] WARNING: Trying to access array offset on null in /var/www/html/GameEngine/Village.php:395 | uid=0 | page=/maintenance.php
[2026-08-21 12:55:10] WARNING: Trying to access array offset on null in /var/www/html/GameEngine/Village.php:396 | uid=0 | page=/maintenance.php
[2026-08-21 12:55:10] WARNING: Trying to access array offset on null in /var/www/html/GameEngine/Village.php:395 | uid=0 | page=/maintenance.php
[2026-08-21 12:55:10] WARNING: Trying to access array offset on null in /var/www/html/GameEngine/Village.php:396 | uid=0 | page=/maintenance.php
[2026-08-21 12:55:10] WARNING: Trying to access array offset on null in /var/www/html/GameEngine/Village.php:395 | uid=0 | page=/maintenance.php
[2026-08-21 12:55:10] WARNING: Trying to access array offset on null in /var/www/html/GameEngine/Village.php:396 | uid=0 | page=/maintenance.php
[2026-08-21 12:55:10] WARNING: Trying to access array offset on null in /var/www/html/GameEngine/Village.php:395 | uid=0 | page=/maintenance.php
[2026-08-21 12:55:10] WARNING: Trying to access array offset on null in /var/www/html/GameEngine/Village.php:396 | uid=0 | page=/maintenance.php
[2026-08-21 12:55:10] WARNING: Trying to access array offset on null in /var/www/html/GameEngine/Village.php:395 | uid=0 | page=/maintenance.php
[2026-08-21 12:55:10] WARNING: Trying to access array offset on null in /var/www/html/GameEngine/Village.php:396 | uid=0 | page=/maintenance.php
[2026-08-21 12:55:10] WARNING: Trying to access array offset on null in /var/www/html/GameEngine/Village.php:395 | uid=0 | page=/maintenance.php
[2026-08-21 12:55:10] WARNING: Trying to access array offset on null in /var/www/html/GameEngine/Village.php:396 | uid=0 | page=/maintenance.php
[2026-08-21 12:55:10] WARNING: Trying to access array offset on null in /var/www/html/GameEngine/Village.php:395 | uid=0 | page=/maintenance.php
[2026-08-21 12:55:10] WARNING: Trying to access array offset on null in /var/www/html/GameEngine/Village.php:396 | uid=0 | page=/maintenance.php
[2026-08-21 12:55:10] WARNING: Trying to access array offset on null in /var/www/html/GameEngine/Village.php:395 | uid=0 | page=/maintenance.php
[2026-08-21 12:55:10] WARNING: Trying to access array offset on null in /var/www/html/GameEngine/Village.php:396 | uid=0 | page=/maintenance.php
[2026-08-21 12:55:10] WARNING: Trying to access array offset on null in /var/www/html/GameEngine/Village.php:395 | uid=0 | page=/maintenance.php
[2026-08-21 12:55:10] WARNING: Trying to access array offset on null in /var/www/html/GameEngine/Village.php:396 | uid=0 | page=/maintenance.php
[2026-08-21 12:55:10] WARNING: Trying to access array offset on null in /var/www/html/GameEngine/Village.php:395 | uid=0 | page=/maintenance.php
[2026-08-21 12:55:10] WARNING: Trying to access array offset on null in /var/www/html/GameEngine/Village.php:396 | uid=0 | page=/maintenance.php
[2026-08-21 12:55:10] WARNING: Trying to access array offset on null in /var/www/html/GameEngine/Village.php:395 | uid=0 | page=/maintenance.php
[2026-08-21 12:55:10] WARNING: Trying to access array offset on null in /var/www/html/GameEngine/Village.php:396 | uid=0 | page=/maintenance.php
[2026-08-21 12:55:10] WARNING: Trying to access array offset on null in /var/www/html/GameEngine/Village.php:395 | uid=0 | page=/maintenance.php
[2026-08-21 12:55:10] WARNING: Trying to access array offset on null in /var/www/html/GameEngine/Village.php:396 | uid=0 | page=/maintenance.php
[2026-08-21 12:55:10] WARNING: Trying to access array offset on null in /var/www/html/GameEngine/Village.php:395 | uid=0 | page=/maintenance.php
[2026-08-21 12:55:10] WARNING: Trying to access array offset on null in /var/www/html/GameEngine/Village.php:396 | uid=0 | page=/maintenance.php
[2026-08-21 12:55:10] WARNING: Trying to access array offset on null in /var/www/html/GameEngine/Village.php:395 | uid=0 | page=/maintenance.php
[2026-08-21 12:55:10] WARNING: Trying to access array offset on null in /var/www/html/GameEngine/Village.php:396 | uid=0 | page=/maintenance.php
[2026-08-21 12:55:10] WARNING: Trying to access array offset on null in /var/www/html/GameEngine/Village.php:395 | uid=0 | page=/maintenance.php
[2026-08-21 12:55:10] WARNING: Trying to access array offset on null in /var/www/html/GameEngine/Village.php:396 | uid=0 | page=/maintenance.php
[2026-08-21 12:55:10] WARNING: Trying to access array offset on null in /var/www/html/GameEngine/Village.php:395 | uid=0 | page=/maintenance.php
[2026-08-21 12:55:10] WARNING: Trying to access array offset on null in /var/www/html/GameEngine/Village.php:396 | uid=0 | page=/maintenance.php
[2026-08-21 12:55:10] WARNING: Trying to access array offset on null in /var/www/html/GameEngine/Village.php:395 | uid=0 | page=/maintenance.php
[2026-08-21 12:55:10] WARNING: Trying to access array offset on null in /var/www/html/GameEngine/Village.php:396 | uid=0 | page=/maintenance.php
[2026-08-21 12:55:10] WARNING: Trying to access array offset on null in /var/www/html/GameEngine/Village.php:395 | uid=0 | page=/maintenance.php
[2026-08-21 12:55:10] WARNING: Trying to access array offset on null in /var/www/html/GameEngine/Village.php:396 | uid=0 | page=/maintenance.php
[2026-08-21 12:55:10] WARNING: Trying to access array offset on null in /var/www/html/GameEngine/Village.php:395 | uid=0 | page=/maintenance.php
[2026-08-21 12:55:10] WARNING: Trying to access array offset on null in /var/www/html/GameEngine/Village.php:396 | uid=0 | page=/maintenance.php
[2026-08-21 12:55:10] WARNING: Trying to access array offset on null in /var/www/html/GameEngine/Village.php:395 | uid=0 | page=/maintenance.php
[2026-08-21 12:55:10] WARNING: Trying to access array offset on null in /var/www/html/GameEngine/Village.php:396 | uid=0 | page=/maintenance.php
[2026-08-21 12:55:10] WARNING: Trying to access array offset on null in /var/www/html/GameEngine/Village.php:395 | uid=0 | page=/maintenance.php
[2026-08-21 12:55:10] WARNING: Trying to access array offset on null in /var/www/html/GameEngine/Village.php:396 | uid=0 | page=/maintenance.php
[2026-08-21 12:55:10] WARNING: Trying to access array offset on null in /var/www/html/GameEngine/Village.php:395 | uid=0 | page=/maintenance.php
[2026-08-21 12:55:10] WARNING: Trying to access array offset on null in /var/www/html/GameEngine/Village.php:396 | uid=0 | page=/maintenance.php
[2026-08-21 12:55:10] WARNING: Trying to access array offset on null in /var/www/html/GameEngine/Village.php:395 | uid=0 | page=/maintenance.php
[2026-08-21 12:55:10] WARNING: Trying to access array offset on null in /var/www/html/GameEngine/Village.php:396 | uid=0 | page=/maintenance.php
[2026-08-21 12:55:10] WARNING: Trying to access array offset on null in /var/www/html/GameEngine/Village.php:395 | uid=0 | page=/maintenance.php
[2026-08-21 12:55:10] WARNING: Trying to access array offset on null in /var/www/html/GameEngine/Village.php:396 | uid=0 | page=/maintenance.php
[2026-08-21 12:55:10] WARNING: Trying to access array offset on null in /var/www/html/GameEngine/Village.php:395 | uid=0 | page=/maintenance.php
[2026-08-21 12:55:10] WARNING: Trying to access array offset on null in /var/www/html/GameEngine/Village.php:396 | uid=0 | page=/maintenance.php
[2026-08-21 12:55:10] WARNING: Trying to access array offset on null in /var/www/html/GameEngine/Village.php:395 | uid=0 | page=/maintenance.php
[2026-08-21 12:55:10] WARNING: Trying to access array offset on null in /var/www/html/GameEngine/Village.php:396 | uid=0 | page=/maintenance.php
[2026-08-21 12:55:10] WARNING: Trying to access array offset on null in /var/www/html/GameEngine/Village.php:395 | uid=0 | page=/maintenance.php
[2026-08-21 12:55:10] WARNING: Trying to access array offset on null in /var/www/html/GameEngine/Village.php:396 | uid=0 | page=/maintenance.php
[2026-08-21 12:55:10] WARNING: Trying to access array offset on null in /var/www/html/GameEngine/Village.php:395 | uid=0 | page=/maintenance.php
[2026-08-21 12:55:10] WARNING: Trying to access array offset on null in /var/www/html/GameEngine/Village.php:396 | uid=0 | page=/maintenance.php
[2026-08-21 12:55:10] WARNING: Trying to access array offset on null in /var/www/html/GameEngine/Village.php:395 | uid=0 | page=/maintenance.php
[2026-08-21 12:55:10] WARNING: Trying to access array offset on null in /var/www/html/GameEngine/Village.php:396 | uid=0 | page=/maintenance.php
[2026-08-21 12:55:10] WARNING: Trying to access array offset on null in /var/www/html/GameEngine/Village.php:395 | uid=0 | page=/maintenance.php
[2026-08-21 12:55:10] WARNING: Trying to access array offset on null in /var/www/html/GameEngine/Village.php:396 | uid=0 | page=/maintenance.php
[2026-08-21 12:55:10] WARNING: Trying to access array offset on null in /var/www/html/GameEngine/Village.php:395 | uid=0 | page=/maintenance.php
[2026-08-21 12:55:10] WARNING: Trying to access array offset on null in /var/www/html/GameEngine/Village.php:396 | uid=0 | page=/maintenance.php
[2026-08-21 12:55:10] WARNING: Trying to access array offset on null in /var/www/html/GameEngine/Village.php:395 | uid=0 | page=/maintenance.php
[2026-08-21 12:55:10] WARNING: Trying to access array offset on null in /var/www/html/GameEngine/Village.php:396 | uid=0 | page=/maintenance.php
[2026-08-21 12:55:10] WARNING: Trying to access array offset on null in /var/www/html/GameEngine/Village.php:395 | uid=0 | page=/maintenance.php
[2026-08-21 12:55:10] WARNING: Trying to access array offset on null in /var/www/html/GameEngine/Village.php:396 | uid=0 | page=/maintenance.php
[2026-08-21 12:55:10] WARNING: Trying to access array offset on null in /var/www/html/GameEngine/Village.php:395 | uid=0 | page=/maintenance.php
[2026-08-21 12:55:10] WARNING: Trying to access array offset on null in /var/www/html/GameEngine/Village.php:396 | uid=0 | page=/maintenance.php
[2026-08-21 12:55:10] WARNING: Trying to access array offset on null in /var/www/html/GameEngine/Village.php:395 | uid=0 | page=/maintenance.php
[2026-08-21 12:55:10] WARNING: Trying to access array offset on null in /var/www/html/GameEngine/Village.php:396 | uid=0 | page=/maintenance.php
[2026-08-21 12:55:10] WARNING: Trying to access array offset on null in /var/www/html/GameEngine/Village.php:395 | uid=0 | page=/maintenance.php
[2026-08-21 12:55:10] WARNING: Trying to access array offset on null in /var/www/html/GameEngine/Village.php:396 | uid=0 | page=/maintenance.php
[2026-08-21 12:55:10] WARNING: Trying to access array offset on null in /var/www/html/GameEngine/Village.php:395 | uid=0 | page=/maintenance.php
[2026-08-21 12:55:10] WARNING: Trying to access array offset on null in /var/www/html/GameEngine/Village.php:396 | uid=0 | page=/maintenance.php
[2026-08-21 12:55:10] WARNING: Trying to access array offset on null in /var/www/html/GameEngine/Village.php:211 | uid=0 | page=/maintenance.php
[2026-08-21 12:55:10] WARNING: Trying to access array offset on null in /var/www/html/GameEngine/Village.php:247 | uid=0 | page=/maintenance.php
[2026-08-21 12:55:11] WARNING: Undefined variable $message in /var/www/html/Templates/header.tpl:57 | uid=0 | page=/maintenance.php
[2026-08-21 12:55:11] WARNING: Attempt to read property "unread" on null in /var/www/html/Templates/header.tpl:57 | uid=0 | page=/maintenance.php
[2026-08-21 12:55:11] WARNING: Undefined variable $message in /var/www/html/Templates/header.tpl:61 | uid=0 | page=/maintenance.php
[2026-08-21 12:55:11] WARNING: Attempt to read property "unread" on null in /var/www/html/Templates/header.tpl:61 | uid=0 | page=/maintenance.php
[2026-08-21 12:55:11] WARNING: Undefined variable $message in /var/www/html/Templates/header.tpl:61 | uid=0 | page=/maintenance.php
[2026-08-21 12:55:11] WARNING: Attempt to read property "nunread" on null in /var/www/html/Templates/header.tpl:61 | uid=0 | page=/maintenance.php
[2026-08-21 12:55:11] WARNING: Undefined variable $message in /var/www/html/Templates/header.tpl:65 | uid=0 | page=/maintenance.php
[2026-08-21 12:55:11] WARNING: Attempt to read property "unread" on null in /var/www/html/Templates/header.tpl:65 | uid=0 | page=/maintenance.php
[2026-08-21 13:24:50] WARNING: Undefined array key 0 in /var/www/html/GameEngine/Village.php:102 | uid=0 | page=/maintenance.php
[2026-08-21 13:24:50] WARNING: Undefined array key 0 in /var/www/html/GameEngine/Database/DatabaseVillageQueries.php:617 | uid=0 | page=/maintenance.php
[2026-08-21 13:24:50] WARNING: Trying to access array offset on null in /var/www/html/GameEngine/Village.php:164 | uid=0 | page=/maintenance.php
[2026-08-21 13:24:50] WARNING: Undefined array key "fieldtype" in /var/www/html/GameEngine/Database/DatabaseVillageQueries.php:581 | uid=0 | page=/maintenance.php
[2026-08-21 13:24:50] WARNING: Undefined array key 0 in /var/www/html/GameEngine/Database/DatabaseTroopQueries.php:403 | uid=0 | page=/maintenance.php
[2026-08-21 13:24:50] WARNING: Trying to access array offset on null in /var/www/html/GameEngine/Village.php:189 | uid=0 | page=/maintenance.php
[2026-08-21 13:24:50] WARNING: Trying to access array offset on null in /var/www/html/GameEngine/Village.php:190 | uid=0 | page=/maintenance.php
[2026-08-21 13:24:50] WARNING: Trying to access array offset on null in /var/www/html/GameEngine/Village.php:191 | uid=0 | page=/maintenance.php
[2026-08-21 13:24:50] WARNING: Trying to access array offset on null in /var/www/html/GameEngine/Village.php:192 | uid=0 | page=/maintenance.php
[2026-08-21 13:24:50] WARNING: Trying to access array offset on null in /var/www/html/GameEngine/Village.php:197 | uid=0 | page=/maintenance.php
[2026-08-21 13:24:50] WARNING: Trying to access array offset on null in /var/www/html/GameEngine/Village.php:199 | uid=0 | page=/maintenance.php
[2026-08-21 13:24:50] WARNING: Trying to access array offset on null in /var/www/html/GameEngine/Village.php:200 | uid=0 | page=/maintenance.php
[2026-08-21 13:24:50] WARNING: Trying to access array offset on null in /var/www/html/GameEngine/Village.php:201 | uid=0 | page=/maintenance.php
[2026-08-21 13:24:50] WARNING: Trying to access array offset on null in /var/www/html/GameEngine/Village.php:202 | uid=0 | page=/maintenance.php
[2026-08-21 13:24:50] WARNING: Trying to access array offset on null in /var/www/html/GameEngine/Village.php:206 | uid=0 | page=/maintenance.php
[2026-08-21 13:24:50] WARNING: Trying to access array offset on null in /var/www/html/GameEngine/Village.php:207 | uid=0 | page=/maintenance.php
[2026-08-21 13:24:50] WARNING: Trying to access array offset on null in /var/www/html/GameEngine/Village.php:208 | uid=0 | page=/maintenance.php
[2026-08-21 13:24:50] WARNING: Trying to access array offset on null in /var/www/html/GameEngine/Village.php:395 | uid=0 | page=/maintenance.php
[2026-08-21 13:24:50] WARNING: Trying to access array offset on null in /var/www/html/GameEngine/Village.php:396 | uid=0 | page=/maintenance.php
[2026-08-21 13:24:50] WARNING: Trying to access array offset on null in /var/www/html/GameEngine/Village.php:395 | uid=0 | page=/maintenance.php
[2026-08-21 13:24:50] WARNING: Trying to access array offset on null in /var/www/html/GameEngine/Village.php:396 | uid=0 | page=/maintenance.php
[2026-08-21 13:24:50] WARNING: Trying to access array offset on null in /var/www/html/GameEngine/Village.php:395 | uid=0 | page=/maintenance.php
[2026-08-21 13:24:50] WARNING: Trying to access array offset on null in /var/www/html/GameEngine/Village.php:396 | uid=0 | page=/maintenance.php
[2026-08-21 13:24:50] WARNING: Trying to access array offset on null in /var/www/html/GameEngine/Village.php:395 | uid=0 | page=/maintenance.php
[2026-08-21 13:24:50] WARNING: Trying to access array offset on null in /var/www/html/GameEngine/Village.php:396 | uid=0 | page=/maintenance.php
[2026-08-21 13:24:50] WARNING: Trying to access array offset on null in /var/www/html/GameEngine/Village.php:395 | uid=0 | page=/maintenance.php
[2026-08-21 13:24:50] WARNING: Trying to access array offset on null in /var/www/html/GameEngine/Village.php:396 | uid=0 | page=/maintenance.php
[2026-08-21 13:24:50] WARNING: Trying to access array offset on null in /var/www/html/GameEngine/Village.php:395 | uid=0 | page=/maintenance.php
[2026-08-21 13:24:50] WARNING: Trying to access array offset on null in /var/www/html/GameEngine/Village.php:396 | uid=0 | page=/maintenance.php
[2026-08-21 13:24:50] WARNING: Trying to access array offset on null in /var/www/html/GameEngine/Village.php:395 | uid=0 | page=/maintenance.php
[2026-08-21 13:24:50] WARNING: Trying to access array offset on null in /var/www/html/GameEngine/Village.php:396 | uid=0 | page=/maintenance.php
[2026-08-21 13:24:50] WARNING: Trying to access array offset on null in /var/www/html/GameEngine/Village.php:395 | uid=0 | page=/maintenance.php
[2026-08-21 13:24:50] WARNING: Trying to access array offset on null in /var/www/html/GameEngine/Village.php:396 | uid=0 | page=/maintenance.php
[2026-08-21 13:24:50] WARNING: Trying to access array offset on null in /var/www/html/GameEngine/Village.php:395 | uid=0 | page=/maintenance.php
[2026-08-21 13:24:50] WARNING: Trying to access array offset on null in /var/www/html/GameEngine/Village.php:396 | uid=0 | page=/maintenance.php
[2026-08-21 13:24:50] WARNING: Trying to access array offset on null in /var/www/html/GameEngine/Village.php:395 | uid=0 | page=/maintenance.php
[2026-08-21 13:24:50] WARNING: Trying to access array offset on null in /var/www/html/GameEngine/Village.php:396 | uid=0 | page=/maintenance.php
[2026-08-21 13:24:50] WARNING: Trying to access array offset on null in /var/www/html/GameEngine/Village.php:395 | uid=0 | page=/maintenance.php
[2026-08-21 13:24:50] WARNING: Trying to access array offset on null in /var/www/html/GameEngine/Village.php:396 | uid=0 | page=/maintenance.php
[2026-08-21 13:24:50] WARNING: Trying to access array offset on null in /var/www/html/GameEngine/Village.php:395 | uid=0 | page=/maintenance.php
[2026-08-21 13:24:50] WARNING: Trying to access array offset on null in /var/www/html/GameEngine/Village.php:396 | uid=0 | page=/maintenance.php
[2026-08-21 13:24:50] WARNING: Trying to access array offset on null in /var/www/html/GameEngine/Village.php:395 | uid=0 | page=/maintenance.php
[2026-08-21 13:24:50] WARNING: Trying to access array offset on null in /var/www/html/GameEngine/Village.php:396 | uid=0 | page=/maintenance.php
[2026-08-21 13:24:50] WARNING: Trying to access array offset on null in /var/www/html/GameEngine/Village.php:395 | uid=0 | page=/maintenance.php
[2026-08-21 13:24:50] WARNING: Trying to access array offset on null in /var/www/html/GameEngine/Village.php:396 | uid=0 | page=/maintenance.php
[2026-08-21 13:24:50] WARNING: Trying to access array offset on null in /var/www/html/GameEngine/Village.php:395 | uid=0 | page=/maintenance.php
[2026-08-21 13:24:50] WARNING: Trying to access array offset on null in /var/www/html/GameEngine/Village.php:396 | uid=0 | page=/maintenance.php
[2026-08-21 13:24:50] WARNING: Trying to access array offset on null in /var/www/html/GameEngine/Village.php:395 | uid=0 | page=/maintenance.php
[2026-08-21 13:24:50] WARNING: Trying to access array offset on null in /var/www/html/GameEngine/Village.php:396 | uid=0 | page=/maintenance.php
[2026-08-21 13:24:50] WARNING: Trying to access array offset on null in /var/www/html/GameEngine/Village.php:395 | uid=0 | page=/maintenance.php
[2026-08-21 13:24:51] WARNING: Trying to access array offset on null in /var/www/html/GameEngine/Village.php:396 | uid=0 | page=/maintenance.php
[2026-08-21 13:24:51] WARNING: Trying to access array offset on null in /var/www/html/GameEngine/Village.php:395 | uid=0 | page=/maintenance.php
[2026-08-21 13:24:51] WARNING: Trying to access array offset on null in /var/www/html/GameEngine/Village.php:396 | uid=0 | page=/maintenance.php
[2026-08-21 13:24:51] WARNING: Trying to access array offset on null in /var/www/html/GameEngine/Village.php:395 | uid=0 | page=/maintenance.php
[2026-08-21 13:24:51] WARNING: Trying to access array offset on null in /var/www/html/GameEngine/Village.php:396 | uid=0 | page=/maintenance.php
[2026-08-21 13:24:51] WARNING: Trying to access array offset on null in /var/www/html/GameEngine/Village.php:395 | uid=0 | page=/maintenance.php
[2026-08-21 13:24:51] WARNING: Trying to access array offset on null in /var/www/html/GameEngine/Village.php:396 | uid=0 | page=/maintenance.php
[2026-08-21 13:24:51] WARNING: Trying to access array offset on null in /var/www/html/GameEngine/Village.php:395 | uid=0 | page=/maintenance.php
[2026-08-21 13:24:51] WARNING: Trying to access array offset on null in /var/www/html/GameEngine/Village.php:396 | uid=0 | page=/maintenance.php
[2026-08-21 13:24:51] WARNING: Trying to access array offset on null in /var/www/html/GameEngine/Village.php:395 | uid=0 | page=/maintenance.php
[2026-08-21 13:24:51] WARNING: Trying to access array offset on null in /var/www/html/GameEngine/Village.php:396 | uid=0 | page=/maintenance.php
[2026-08-21 13:24:51] WARNING: Trying to access array offset on null in /var/www/html/GameEngine/Village.php:395 | uid=0 | page=/maintenance.php
[2026-08-21 13:24:51] WARNING: Trying to access array offset on null in /var/www/html/GameEngine/Village.php:396 | uid=0 | page=/maintenance.php
[2026-08-21 13:24:51] WARNING: Trying to access array offset on null in /var/www/html/GameEngine/Village.php:395 | uid=0 | page=/maintenance.php
[2026-08-21 13:24:51] WARNING: Trying to access array offset on null in /var/www/html/GameEngine/Village.php:396 | uid=0 | page=/maintenance.php
[2026-08-21 13:24:51] WARNING: Trying to access array offset on null in /var/www/html/GameEngine/Village.php:395 | uid=0 | page=/maintenance.php
[2026-08-21 13:24:51] WARNING: Trying to access array offset on null in /var/www/html/GameEngine/Village.php:396 | uid=0 | page=/maintenance.php
[2026-08-21 13:24:51] WARNING: Trying to access array offset on null in /var/www/html/GameEngine/Village.php:395 | uid=0 | page=/maintenance.php
[2026-08-21 13:24:51] WARNING: Trying to access array offset on null in /var/www/html/GameEngine/Village.php:396 | uid=0 | page=/maintenance.php
[2026-08-21 13:24:51] WARNING: Trying to access array offset on null in /var/www/html/GameEngine/Village.php:395 | uid=0 | page=/maintenance.php
[2026-08-21 13:24:51] WARNING: Trying to access array offset on null in /var/www/html/GameEngine/Village.php:396 | uid=0 | page=/maintenance.php
[2026-08-21 13:24:51] WARNING: Trying to access array offset on null in /var/www/html/GameEngine/Village.php:395 | uid=0 | page=/maintenance.php
[2026-08-21 13:24:51] WARNING: Trying to access array offset on null in /var/www/html/GameEngine/Village.php:396 | uid=0 | page=/maintenance.php
[2026-08-21 13:24:51] WARNING: Trying to access array offset on null in /var/www/html/GameEngine/Village.php:395 | uid=0 | page=/maintenance.php
[2026-08-21 13:24:51] WARNING: Trying to access array offset on null in /var/www/html/GameEngine/Village.php:396 | uid=0 | page=/maintenance.php
[2026-08-21 13:24:51] WARNING: Trying to access array offset on null in /var/www/html/GameEngine/Village.php:395 | uid=0 | page=/maintenance.php
[2026-08-21 13:24:51] WARNING: Trying to access array offset on null in /var/www/html/GameEngine/Village.php:396 | uid=0 | page=/maintenance.php
[2026-08-21 13:24:51] WARNING: Trying to access array offset on null in /var/www/html/GameEngine/Village.php:395 | uid=0 | page=/maintenance.php
[2026-08-21 13:24:51] WARNING: Trying to access array offset on null in /var/www/html/GameEngine/Village.php:396 | uid=0 | page=/maintenance.php
[2026-08-21 13:24:51] WARNING: Trying to access array offset on null in /var/www/html/GameEngine/Village.php:395 | uid=0 | page=/maintenance.php
[2026-08-21 13:24:51] WARNING: Trying to access array offset on null in /var/www/html/GameEngine/Village.php:396 | uid=0 | page=/maintenance.php
[2026-08-21 13:24:51] WARNING: Trying to access array offset on null in /var/www/html/GameEngine/Village.php:395 | uid=0 | page=/maintenance.php
[2026-08-21 13:24:51] WARNING: Trying to access array offset on null in /var/www/html/GameEngine/Village.php:396 | uid=0 | page=/maintenance.php
[2026-08-21 13:24:51] WARNING: Trying to access array offset on null in /var/www/html/GameEngine/Village.php:395 | uid=0 | page=/maintenance.php
[2026-08-21 13:24:51] WARNING: Trying to access array offset on null in /var/www/html/GameEngine/Village.php:396 | uid=0 | page=/maintenance.php
[2026-08-21 13:24:51] WARNING: Trying to access array offset on null in /var/www/html/GameEngine/Village.php:395 | uid=0 | page=/maintenance.php
[2026-08-21 13:24:51] WARNING: Trying to access array offset on null in /var/www/html/GameEngine/Village.php:396 | uid=0 | page=/maintenance.php
[2026-08-21 13:24:51] WARNING: Trying to access array offset on null in /var/www/html/GameEngine/Village.php:395 | uid=0 | page=/maintenance.php
[2026-08-21 13:24:51] WARNING: Trying to access array offset on null in /var/www/html/GameEngine/Village.php:396 | uid=0 | page=/maintenance.php
[2026-08-21 13:24:51] WARNING: Trying to access array offset on null in /var/www/html/GameEngine/Village.php:395 | uid=0 | page=/maintenance.php
[2026-08-21 13:24:51] WARNING: Trying to access array offset on null in /var/www/html/GameEngine/Village.php:396 | uid=0 | page=/maintenance.php
[2026-08-21 13:24:51] WARNING: Trying to access array offset on null in /var/www/html/GameEngine/Village.php:395 | uid=0 | page=/maintenance.php
[2026-08-21 13:24:51] WARNING: Trying to access array offset on null in /var/www/html/GameEngine/Village.php:396 | uid=0 | page=/maintenance.php
[2026-08-21 13:24:51] WARNING: Trying to access array offset on null in /var/www/html/GameEngine/Village.php:211 | uid=0 | page=/maintenance.php
[2026-08-21 13:24:51] WARNING: Trying to access array offset on null in /var/www/html/GameEngine/Village.php:247 | uid=0 | page=/maintenance.php
[2026-08-21 13:24:52] WARNING: Undefined variable $message in /var/www/html/Templates/header.tpl:57 | uid=0 | page=/maintenance.php
[2026-08-21 13:24:52] WARNING: Attempt to read property "unread" on null in /var/www/html/Templates/header.tpl:57 | uid=0 | page=/maintenance.php
[2026-08-21 13:24:52] WARNING: Undefined variable $message in /var/www/html/Templates/header.tpl:61 | uid=0 | page=/maintenance.php
[2026-08-21 13:24:52] WARNING: Attempt to read property "unread" on null in /var/www/html/Templates/header.tpl:61 | uid=0 | page=/maintenance.php
[2026-08-21 13:24:52] WARNING: Undefined variable $message in /var/www/html/Templates/header.tpl:61 | uid=0 | page=/maintenance.php
[2026-08-21 13:24:52] WARNING: Attempt to read property "nunread" on null in /var/www/html/Templates/header.tpl:61 | uid=0 | page=/maintenance.php
[2026-08-21 13:24:52] WARNING: Undefined variable $message in /var/www/html/Templates/header.tpl:65 | uid=0 | page=/maintenance.php
[2026-08-21 13:24:52] WARNING: Attempt to read property "unread" on null in /var/www/html/Templates/header.tpl:65 | uid=0 | page=/maintenance.php
[2026-08-21 13:24:58] WARNING: Undefined array key 0 in /var/www/html/GameEngine/Village.php:102 | uid=0 | page=/maintenance.php
[2026-08-21 13:24:58] WARNING: Undefined array key 0 in /var/www/html/GameEngine/Database/DatabaseVillageQueries.php:617 | uid=0 | page=/maintenance.php
[2026-08-21 13:24:58] WARNING: Trying to access array offset on null in /var/www/html/GameEngine/Village.php:164 | uid=0 | page=/maintenance.php
[2026-08-21 13:24:58] WARNING: Undefined array key "fieldtype" in /var/www/html/GameEngine/Database/DatabaseVillageQueries.php:581 | uid=0 | page=/maintenance.php
[2026-08-21 13:24:58] WARNING: Undefined array key 0 in /var/www/html/GameEngine/Database/DatabaseTroopQueries.php:403 | uid=0 | page=/maintenance.php
[2026-08-21 13:24:59] WARNING: Trying to access array offset on null in /var/www/html/GameEngine/Village.php:189 | uid=0 | page=/maintenance.php
[2026-08-21 13:24:59] WARNING: Trying to access array offset on null in /var/www/html/GameEngine/Village.php:190 | uid=0 | page=/maintenance.php
[2026-08-21 13:24:59] WARNING: Trying to access array offset on null in /var/www/html/GameEngine/Village.php:191 | uid=0 | page=/maintenance.php
[2026-08-21 13:24:59] WARNING: Trying to access array offset on null in /var/www/html/GameEngine/Village.php:192 | uid=0 | page=/maintenance.php
[2026-08-21 13:24:59] WARNING: Trying to access array offset on null in /var/www/html/GameEngine/Village.php:197 | uid=0 | page=/maintenance.php
[2026-08-21 13:24:59] WARNING: Trying to access array offset on null in /var/www/html/GameEngine/Village.php:199 | uid=0 | page=/maintenance.php
[2026-08-21 13:24:59] WARNING: Trying to access array offset on null in /var/www/html/GameEngine/Village.php:200 | uid=0 | page=/maintenance.php
[2026-08-21 13:24:59] WARNING: Trying to access array offset on null in /var/www/html/GameEngine/Village.php:201 | uid=0 | page=/maintenance.php
[2026-08-21 13:24:59] WARNING: Trying to access array offset on null in /var/www/html/GameEngine/Village.php:202 | uid=0 | page=/maintenance.php
[2026-08-21 13:24:59] WARNING: Trying to access array offset on null in /var/www/html/GameEngine/Village.php:206 | uid=0 | page=/maintenance.php
[2026-08-21 13:24:59] WARNING: Trying to access array offset on null in /var/www/html/GameEngine/Village.php:207 | uid=0 | page=/maintenance.php
[2026-08-21 13:24:59] WARNING: Trying to access array offset on null in /var/www/html/GameEngine/Village.php:208 | uid=0 | page=/maintenance.php
[2026-08-21 13:24:59] WARNING: Trying to access array offset on null in /var/www/html/GameEngine/Village.php:395 | uid=0 | page=/maintenance.php
[2026-08-21 13:24:59] WARNING: Trying to access array offset on null in /var/www/html/GameEngine/Village.php:396 | uid=0 | page=/maintenance.php
[2026-08-21 13:24:59] WARNING: Trying to access array offset on null in /var/www/html/GameEngine/Village.php:395 | uid=0 | page=/maintenance.php
[2026-08-21 13:24:59] WARNING: Trying to access array offset on null in /var/www/html/GameEngine/Village.php:396 | uid=0 | page=/maintenance.php
[2026-08-21 13:24:59] WARNING: Trying to access array offset on null in /var/www/html/GameEngine/Village.php:395 | uid=0 | page=/maintenance.php
[2026-08-21 13:24:59] WARNING: Trying to access array offset on null in /var/www/html/GameEngine/Village.php:396 | uid=0 | page=/maintenance.php
[2026-08-21 13:24:59] WARNING: Trying to access array offset on null in /var/www/html/GameEngine/Village.php:395 | uid=0 | page=/maintenance.php
[2026-08-21 13:24:59] WARNING: Trying to access array offset on null in /var/www/html/GameEngine/Village.php:396 | uid=0 | page=/maintenance.php
[2026-08-21 13:24:59] WARNING: Trying to access array offset on null in /var/www/html/GameEngine/Village.php:395 | uid=0 | page=/maintenance.php
[2026-08-21 13:24:59] WARNING: Trying to access array offset on null in /var/www/html/GameEngine/Village.php:396 | uid=0 | page=/maintenance.php
[2026-08-21 13:24:59] WARNING: Trying to access array offset on null in /var/www/html/GameEngine/Village.php:395 | uid=0 | page=/maintenance.php
[2026-08-21 13:24:59] WARNING: Trying to access array offset on null in /var/www/html/GameEngine/Village.php:396 | uid=0 | page=/maintenance.php
[2026-08-21 13:24:59] WARNING: Trying to access array offset on null in /var/www/html/GameEngine/Village.php:395 | uid=0 | page=/maintenance.php
[2026-08-21 13:24:59] WARNING: Trying to access array offset on null in /var/www/html/GameEngine/Village.php:396 | uid=0 | page=/maintenance.php
[2026-08-21 13:24:59] WARNING: Trying to access array offset on null in /var/www/html/GameEngine/Village.php:395 | uid=0 | page=/maintenance.php
[2026-08-21 13:24:59] WARNING: Trying to access array offset on null in /var/www/html/GameEngine/Village.php:396 | uid=0 | page=/maintenance.php
[2026-08-21 13:24:59] WARNING: Trying to access array offset on null in /var/www/html/GameEngine/Village.php:395 | uid=0 | page=/maintenance.php
[2026-08-21 13:24:59] WARNING: Trying to access array offset on null in /var/www/html/GameEngine/Village.php:396 | uid=0 | page=/maintenance.php
[2026-08-21 13:24:59] WARNING: Trying to access array offset on null in /var/www/html/GameEngine/Village.php:395 | uid=0 | page=/maintenance.php
[2026-08-21 13:24:59] WARNING: Trying to access array offset on null in /var/www/html/GameEngine/Village.php:396 | uid=0 | page=/maintenance.php
[2026-08-21 13:24:59] WARNING: Trying to access array offset on null in /var/www/html/GameEngine/Village.php:395 | uid=0 | page=/maintenance.php
[2026-08-21 13:24:59] WARNING: Trying to access array offset on null in /var/www/html/GameEngine/Village.php:396 | uid=0 | page=/maintenance.php
[2026-08-21 13:24:59] WARNING: Trying to access array offset on null in /var/www/html/GameEngine/Village.php:395 | uid=0 | page=/maintenance.php
[2026-08-21 13:24:59] WARNING: Trying to access array offset on null in /var/www/html/GameEngine/Village.php:396 | uid=0 | page=/maintenance.php
[2026-08-21 13:24:59] WARNING: Trying to access array offset on null in /var/www/html/GameEngine/Village.php:395 | uid=0 | page=/maintenance.php
[2026-08-21 13:24:59] WARNING: Trying to access array offset on null in /var/www/html/GameEngine/Village.php:396 | uid=0 | page=/maintenance.php
[2026-08-21 13:24:59] WARNING: Trying to access array offset on null in /var/www/html/GameEngine/Village.php:395 | uid=0 | page=/maintenance.php
[2026-08-21 13:24:59] WARNING: Trying to access array offset on null in /var/www/html/GameEngine/Village.php:396 | uid=0 | page=/maintenance.php
[2026-08-21 13:24:59] WARNING: Trying to access array offset on null in /var/www/html/GameEngine/Village.php:395 | uid=0 | page=/maintenance.php
[2026-08-21 13:24:59] WARNING: Trying to access array offset on null in /var/www/html/GameEngine/Village.php:396 | uid=0 | page=/maintenance.php
[2026-08-21 13:24:59] WARNING: Trying to access array offset on null in /var/www/html/GameEngine/Village.php:395 | uid=0 | page=/maintenance.php
[2026-08-21 13:24:59] WARNING: Trying to access array offset on null in /var/www/html/GameEngine/Village.php:396 | uid=0 | page=/maintenance.php
[2026-08-21 13:24:59] WARNING: Trying to access array offset on null in /var/www/html/GameEngine/Village.php:395 | uid=0 | page=/maintenance.php
[2026-08-21 13:24:59] WARNING: Trying to access array offset on null in /var/www/html/GameEngine/Village.php:396 | uid=0 | page=/maintenance.php
[2026-08-21 13:24:59] WARNING: Trying to access array offset on null in /var/www/html/GameEngine/Village.php:395 | uid=0 | page=/maintenance.php
[2026-08-21 13:24:59] WARNING: Trying to access array offset on null in /var/www/html/GameEngine/Village.php:396 | uid=0 | page=/maintenance.php
[2026-08-21 13:24:59] WARNING: Trying to access array offset on null in /var/www/html/GameEngine/Village.php:395 | uid=0 | page=/maintenance.php
[2026-08-21 13:24:59] WARNING: Trying to access array offset on null in /var/www/html/GameEngine/Village.php:396 | uid=0 | page=/maintenance.php
[2026-08-21 13:24:59] WARNING: Trying to access array offset on null in /var/www/html/GameEngine/Village.php:395 | uid=0 | page=/maintenance.php
[2026-08-21 13:24:59] WARNING: Trying to access array offset on null in /var/www/html/GameEngine/Village.php:396 | uid=0 | page=/maintenance.php
[2026-08-21 13:24:59] WARNING: Trying to access array offset on null in /var/www/html/GameEngine/Village.php:395 | uid=0 | page=/maintenance.php
[2026-08-21 13:24:59] WARNING: Trying to access array offset on null in /var/www/html/GameEngine/Village.php:396 | uid=0 | page=/maintenance.php
[2026-08-21 13:24:59] WARNING: Trying to access array offset on null in /var/www/html/GameEngine/Village.php:395 | uid=0 | page=/maintenance.php
[2026-08-21 13:24:59] WARNING: Trying to access array offset on null in /var/www/html/GameEngine/Village.php:396 | uid=0 | page=/maintenance.php
[2026-08-21 13:24:59] WARNING: Trying to access array offset on null in /var/www/html/GameEngine/Village.php:395 | uid=0 | page=/maintenance.php
[2026-08-21 13:24:59] WARNING: Trying to access array offset on null in /var/www/html/GameEngine/Village.php:396 | uid=0 | page=/maintenance.php
[2026-08-21 13:24:59] WARNING: Trying to access array offset on null in /var/www/html/GameEngine/Village.php:395 | uid=0 | page=/maintenance.php
[2026-08-21 13:24:59] WARNING: Trying to access array offset on null in /var/www/html/GameEngine/Village.php:396 | uid=0 | page=/maintenance.php
[2026-08-21 13:24:59] WARNING: Trying to access array offset on null in /var/www/html/GameEngine/Village.php:395 | uid=0 | page=/maintenance.php
[2026-08-21 13:24:59] WARNING: Trying to access array offset on null in /var/www/html/GameEngine/Village.php:396 | uid=0 | page=/maintenance.php
[2026-08-21 13:24:59] WARNING: Trying to access array offset on null in /var/www/html/GameEngine/Village.php:395 | uid=0 | page=/maintenance.php
[2026-08-21 13:24:59] WARNING: Trying to access array offset on null in /var/www/html/GameEngine/Village.php:396 | uid=0 | page=/maintenance.php
[2026-08-21 13:24:59] WARNING: Trying to access array offset on null in /var/www/html/GameEngine/Village.php:395 | uid=0 | page=/maintenance.php
[2026-08-21 13:24:59] WARNING: Trying to access array offset on null in /var/www/html/GameEngine/Village.php:396 | uid=0 | page=/maintenance.php
[2026-08-21 13:24:59] WARNING: Trying to access array offset on null in /var/www/html/GameEngine/Village.php:395 | uid=0 | page=/maintenance.php
[2026-08-21 13:24:59] WARNING: Trying to access array offset on null in /var/www/html/GameEngine/Village.php:396 | uid=0 | page=/maintenance.php
[2026-08-21 13:24:59] WARNING: Trying to access array offset on null in /var/www/html/GameEngine/Village.php:395 | uid=0 | page=/maintenance.php
[2026-08-21 13:24:59] WARNING: Trying to access array offset on null in /var/www/html/GameEngine/Village.php:396 | uid=0 | page=/maintenance.php
[2026-08-21 13:24:59] WARNING: Trying to access array offset on null in /var/www/html/GameEngine/Village.php:395 | uid=0 | page=/maintenance.php
[2026-08-21 13:24:59] WARNING: Trying to access array offset on null in /var/www/html/GameEngine/Village.php:396 | uid=0 | page=/maintenance.php
[2026-08-21 13:24:59] WARNING: Trying to access array offset on null in /var/www/html/GameEngine/Village.php:395 | uid=0 | page=/maintenance.php
[2026-08-21 13:24:59] WARNING: Trying to access array offset on null in /var/www/html/GameEngine/Village.php:396 | uid=0 | page=/maintenance.php
[2026-08-21 13:24:59] WARNING: Trying to access array offset on null in /var/www/html/GameEngine/Village.php:395 | uid=0 | page=/maintenance.php
[2026-08-21 13:24:59] WARNING: Trying to access array offset on null in /var/www/html/GameEngine/Village.php:396 | uid=0 | page=/maintenance.php
[2026-08-21 13:24:59] WARNING: Trying to access array offset on null in /var/www/html/GameEngine/Village.php:395 | uid=0 | page=/maintenance.php
[2026-08-21 13:24:59] WARNING: Trying to access array offset on null in /var/www/html/GameEngine/Village.php:396 | uid=0 | page=/maintenance.php
[2026-08-21 13:24:59] WARNING: Trying to access array offset on null in /var/www/html/GameEngine/Village.php:395 | uid=0 | page=/maintenance.php
[2026-08-21 13:24:59] WARNING: Trying to access array offset on null in /var/www/html/GameEngine/Village.php:396 | uid=0 | page=/maintenance.php
[2026-08-21 13:24:59] WARNING: Trying to access array offset on null in /var/www/html/GameEngine/Village.php:395 | uid=0 | page=/maintenance.php
[2026-08-21 13:24:59] WARNING: Trying to access array offset on null in /var/www/html/GameEngine/Village.php:396 | uid=0 | page=/maintenance.php
[2026-08-21 13:24:59] WARNING: Trying to access array offset on null in /var/www/html/GameEngine/Village.php:395 | uid=0 | page=/maintenance.php
[2026-08-21 13:24:59] WARNING: Trying to access array offset on null in /var/www/html/GameEngine/Village.php:396 | uid=0 | page=/maintenance.php
[2026-08-21 13:24:59] WARNING: Trying to access array offset on null in /var/www/html/GameEngine/Village.php:395 | uid=0 | page=/maintenance.php
[2026-08-21 13:24:59] WARNING: Trying to access array offset on null in /var/www/html/GameEngine/Village.php:396 | uid=0 | page=/maintenance.php
[2026-08-21 13:24:59] WARNING: Trying to access array offset on null in /var/www/html/GameEngine/Village.php:395 | uid=0 | page=/maintenance.php
[2026-08-21 13:24:59] WARNING: Trying to access array offset on null in /var/www/html/GameEngine/Village.php:396 | uid=0 | page=/maintenance.php
[2026-08-21 13:24:59] WARNING: Trying to access array offset on null in /var/www/html/GameEngine/Village.php:211 | uid=0 | page=/maintenance.php
[2026-08-21 13:24:59] WARNING: Trying to access array offset on null in /var/www/html/GameEngine/Village.php:247 | uid=0 | page=/maintenance.php
[2026-08-21 13:24:59] WARNING: Undefined variable $message in /var/www/html/Templates/header.tpl:57 | uid=0 | page=/maintenance.php
[2026-08-21 13:24:59] WARNING: Attempt to read property "unread" on null in /var/www/html/Templates/header.tpl:57 | uid=0 | page=/maintenance.php
[2026-08-21 13:25:00] WARNING: Undefined variable $message in /var/www/html/Templates/header.tpl:61 | uid=0 | page=/maintenance.php
[2026-08-21 13:25:00] WARNING: Attempt to read property "unread" on null in /var/www/html/Templates/header.tpl:61 | uid=0 | page=/maintenance.php
[2026-08-21 13:25:00] WARNING: Undefined variable $message in /var/www/html/Templates/header.tpl:61 | uid=0 | page=/maintenance.php
[2026-08-21 13:25:00] WARNING: Attempt to read property "nunread" on null in /var/www/html/Templates/header.tpl:61 | uid=0 | page=/maintenance.php
[2026-08-21 13:25:00] WARNING: Undefined variable $message in /var/www/html/Templates/header.tpl:65 | uid=0 | page=/maintenance.php
[2026-08-21 13:25:00] WARNING: Attempt to read property "unread" on null in /var/www/html/Templates/header.tpl:65 | uid=0 | page=/maintenance.php
[2026-08-21 13:25:01] WARNING: Undefined array key 0 in /var/www/html/GameEngine/Village.php:102 | uid=0 | page=/maintenance.php
[2026-08-21 13:25:01] WARNING: Undefined array key 0 in /var/www/html/GameEngine/Database/DatabaseVillageQueries.php:617 | uid=0 | page=/maintenance.php
[2026-08-21 13:25:01] WARNING: Trying to access array offset on null in /var/www/html/GameEngine/Village.php:164 | uid=0 | page=/maintenance.php
[2026-08-21 13:25:01] WARNING: Undefined array key "fieldtype" in /var/www/html/GameEngine/Database/DatabaseVillageQueries.php:581 | uid=0 | page=/maintenance.php
[2026-08-21 13:25:01] WARNING: Undefined array key 0 in /var/www/html/GameEngine/Database/DatabaseTroopQueries.php:403 | uid=0 | page=/maintenance.php
[2026-08-21 13:25:01] WARNING: Trying to access array offset on null in /var/www/html/GameEngine/Village.php:189 | uid=0 | page=/maintenance.php
[2026-08-21 13:25:01] WARNING: Trying to access array offset on null in /var/www/html/GameEngine/Village.php:190 | uid=0 | page=/maintenance.php
[2026-08-21 13:25:01] WARNING: Trying to access array offset on null in /var/www/html/GameEngine/Village.php:191 | uid=0 | page=/maintenance.php
[2026-08-21 13:25:01] WARNING: Trying to access array offset on null in /var/www/html/GameEngine/Village.php:192 | uid=0 | page=/maintenance.php
[2026-08-21 13:25:01] WARNING: Trying to access array offset on null in /var/www/html/GameEngine/Village.php:197 | uid=0 | page=/maintenance.php
[2026-08-21 13:25:01] WARNING: Trying to access array offset on null in /var/www/html/GameEngine/Village.php:199 | uid=0 | page=/maintenance.php
[2026-08-21 13:25:01] WARNING: Trying to access array offset on null in /var/www/html/GameEngine/Village.php:200 | uid=0 | page=/maintenance.php
[2026-08-21 13:25:01] WARNING: Trying to access array offset on null in /var/www/html/GameEngine/Village.php:201 | uid=0 | page=/maintenance.php
[2026-08-21 13:25:01] WARNING: Trying to access array offset on null in /var/www/html/GameEngine/Village.php:202 | uid=0 | page=/maintenance.php
[2026-08-21 13:25:01] WARNING: Trying to access array offset on null in /var/www/html/GameEngine/Village.php:206 | uid=0 | page=/maintenance.php
[2026-08-21 13:25:01] WARNING: Trying to access array offset on null in /var/www/html/GameEngine/Village.php:207 | uid=0 | page=/maintenance.php
[2026-08-21 13:25:01] WARNING: Trying to access array offset on null in /var/www/html/GameEngine/Village.php:208 | uid=0 | page=/maintenance.php
[2026-08-21 13:25:01] WARNING: Trying to access array offset on null in /var/www/html/GameEngine/Village.php:395 | uid=0 | page=/maintenance.php
[2026-08-21 13:25:01] WARNING: Trying to access array offset on null in /var/www/html/GameEngine/Village.php:396 | uid=0 | page=/maintenance.php
[2026-08-21 13:25:01] WARNING: Trying to access array offset on null in /var/www/html/GameEngine/Village.php:395 | uid=0 | page=/maintenance.php
[2026-08-21 13:25:01] WARNING: Trying to access array offset on null in /var/www/html/GameEngine/Village.php:396 | uid=0 | page=/maintenance.php
[2026-08-21 13:25:01] WARNING: Trying to access array offset on null in /var/www/html/GameEngine/Village.php:395 | uid=0 | page=/maintenance.php
[2026-08-21 13:25:01] WARNING: Trying to access array offset on null in /var/www/html/GameEngine/Village.php:396 | uid=0 | page=/maintenance.php
[2026-08-21 13:25:01] WARNING: Trying to access array offset on null in /var/www/html/GameEngine/Village.php:395 | uid=0 | page=/maintenance.php
[2026-08-21 13:25:01] WARNING: Trying to access array offset on null in /var/www/html/GameEngine/Village.php:396 | uid=0 | page=/maintenance.php
[2026-08-21 13:25:02] WARNING: Trying to access array offset on null in /var/www/html/GameEngine/Village.php:395 | uid=0 | page=/maintenance.php
[2026-08-21 13:25:02] WARNING: Trying to access array offset on null in /var/www/html/GameEngine/Village.php:396 | uid=0 | page=/maintenance.php
[2026-08-21 13:25:02] WARNING: Trying to access array offset on null in /var/www/html/GameEngine/Village.php:395 | uid=0 | page=/maintenance.php
[2026-08-21 13:25:02] WARNING: Trying to access array offset on null in /var/www/html/GameEngine/Village.php:396 | uid=0 | page=/maintenance.php
[2026-08-21 13:25:02] WARNING: Trying to access array offset on null in /var/www/html/GameEngine/Village.php:395 | uid=0 | page=/maintenance.php
[2026-08-21 13:25:02] WARNING: Trying to access array offset on null in /var/www/html/GameEngine/Village.php:396 | uid=0 | page=/maintenance.php
[2026-08-21 13:25:02] WARNING: Trying to access array offset on null in /var/www/html/GameEngine/Village.php:395 | uid=0 | page=/maintenance.php
[2026-08-21 13:25:02] WARNING: Trying to access array offset on null in /var/www/html/GameEngine/Village.php:396 | uid=0 | page=/maintenance.php
[2026-08-21 13:25:02] WARNING: Trying to access array offset on null in /var/www/html/GameEngine/Village.php:395 | uid=0 | page=/maintenance.php
[2026-08-21 13:25:02] WARNING: Trying to access array offset on null in /var/www/html/GameEngine/Village.php:396 | uid=0 | page=/maintenance.php
[2026-08-21 13:25:02] WARNING: Trying to access array offset on null in /var/www/html/GameEngine/Village.php:395 | uid=0 | page=/maintenance.php
[2026-08-21 13:25:02] WARNING: Trying to access array offset on null in /var/www/html/GameEngine/Village.php:396 | uid=0 | page=/maintenance.php
[2026-08-21 13:25:02] WARNING: Trying to access array offset on null in /var/www/html/GameEngine/Village.php:395 | uid=0 | page=/maintenance.php
[2026-08-21 13:25:02] WARNING: Trying to access array offset on null in /var/www/html/GameEngine/Village.php:396 | uid=0 | page=/maintenance.php
[2026-08-21 13:25:02] WARNING: Trying to access array offset on null in /var/www/html/GameEngine/Village.php:395 | uid=0 | page=/maintenance.php
[2026-08-21 13:25:02] WARNING: Trying to access array offset on null in /var/www/html/GameEngine/Village.php:396 | uid=0 | page=/maintenance.php
[2026-08-21 13:25:02] WARNING: Trying to access array offset on null in /var/www/html/GameEngine/Village.php:395 | uid=0 | page=/maintenance.php
[2026-08-21 13:25:02] WARNING: Trying to access array offset on null in /var/www/html/GameEngine/Village.php:396 | uid=0 | page=/maintenance.php
[2026-08-21 13:25:02] WARNING: Trying to access array offset on null in /var/www/html/GameEngine/Village.php:395 | uid=0 | page=/maintenance.php
[2026-08-21 13:25:02] WARNING: Trying to access array offset on null in /var/www/html/GameEngine/Village.php:396 | uid=0 | page=/maintenance.php
[2026-08-21 13:25:02] WARNING: Trying to access array offset on null in /var/www/html/GameEngine/Village.php:395 | uid=0 | page=/maintenance.php
[2026-08-21 13:25:02] WARNING: Trying to access array offset on null in /var/www/html/GameEngine/Village.php:396 | uid=0 | page=/maintenance.php
[2026-08-21 13:25:02] WARNING: Trying to access array offset on null in /var/www/html/GameEngine/Village.php:395 | uid=0 | page=/maintenance.php
[2026-08-21 13:25:02] WARNING: Trying to access array offset on null in /var/www/html/GameEngine/Village.php:396 | uid=0 | page=/maintenance.php
[2026-08-21 13:25:02] WARNING: Trying to access array offset on null in /var/www/html/GameEngine/Village.php:395 | uid=0 | page=/maintenance.php
[2026-08-21 13:25:02] WARNING: Trying to access array offset on null in /var/www/html/GameEngine/Village.php:396 | uid=0 | page=/maintenance.php
[2026-08-21 13:25:02] WARNING: Trying to access array offset on null in /var/www/html/GameEngine/Village.php:395 | uid=0 | page=/maintenance.php
[2026-08-21 13:25:02] WARNING: Trying to access array offset on null in /var/www/html/GameEngine/Village.php:396 | uid=0 | page=/maintenance.php
[2026-08-21 13:25:02] WARNING: Trying to access array offset on null in /var/www/html/GameEngine/Village.php:395 | uid=0 | page=/maintenance.php
[2026-08-21 13:25:02] WARNING: Trying to access array offset on null in /var/www/html/GameEngine/Village.php:396 | uid=0 | page=/maintenance.php
[2026-08-21 13:25:02] WARNING: Trying to access array offset on null in /var/www/html/GameEngine/Village.php:395 | uid=0 | page=/maintenance.php
[2026-08-21 13:25:02] WARNING: Trying to access array offset on null in /var/www/html/GameEngine/Village.php:396 | uid=0 | page=/maintenance.php
[2026-08-21 13:25:02] WARNING: Trying to access array offset on null in /var/www/html/GameEngine/Village.php:395 | uid=0 | page=/maintenance.php
[2026-08-21 13:25:02] WARNING: Trying to access array offset on null in /var/www/html/GameEngine/Village.php:396 | uid=0 | page=/maintenance.php
[2026-08-21 13:25:02] WARNING: Trying to access array offset on null in /var/www/html/GameEngine/Village.php:395 | uid=0 | page=/maintenance.php
[2026-08-21 13:25:02] WARNING: Trying to access array offset on null in /var/www/html/GameEngine/Village.php:396 | uid=0 | page=/maintenance.php
[2026-08-21 13:25:02] WARNING: Trying to access array offset on null in /var/www/html/GameEngine/Village.php:395 | uid=0 | page=/maintenance.php
[2026-08-21 13:25:02] WARNING: Trying to access array offset on null in /var/www/html/GameEngine/Village.php:396 | uid=0 | page=/maintenance.php
[2026-08-21 13:25:02] WARNING: Trying to access array offset on null in /var/www/html/GameEngine/Village.php:395 | uid=0 | page=/maintenance.php
[2026-08-21 13:25:02] WARNING: Trying to access array offset on null in /var/www/html/GameEngine/Village.php:396 | uid=0 | page=/maintenance.php
[2026-08-21 13:25:02] WARNING: Trying to access array offset on null in /var/www/html/GameEngine/Village.php:395 | uid=0 | page=/maintenance.php
[2026-08-21 13:25:02] WARNING: Trying to access array offset on null in /var/www/html/GameEngine/Village.php:396 | uid=0 | page=/maintenance.php
[2026-08-21 13:25:02] WARNING: Trying to access array offset on null in /var/www/html/GameEngine/Village.php:395 | uid=0 | page=/maintenance.php
[2026-08-21 13:25:02] WARNING: Trying to access array offset on null in /var/www/html/GameEngine/Village.php:396 | uid=0 | page=/maintenance.php
[2026-08-21 13:25:02] WARNING: Trying to access array offset on null in /var/www/html/GameEngine/Village.php:395 | uid=0 | page=/maintenance.php
[2026-08-21 13:25:02] WARNING: Trying to access array offset on null in /var/www/html/GameEngine/Village.php:396 | uid=0 | page=/maintenance.php
[2026-08-21 13:25:02] WARNING: Trying to access array offset on null in /var/www/html/GameEngine/Village.php:395 | uid=0 | page=/maintenance.php
[2026-08-21 13:25:02] WARNING: Trying to access array offset on null in /var/www/html/GameEngine/Village.php:396 | uid=0 | page=/maintenance.php
[2026-08-21 13:25:02] WARNING: Trying to access array offset on null in /var/www/html/GameEngine/Village.php:395 | uid=0 | page=/maintenance.php
[2026-08-21 13:25:02] WARNING: Trying to access array offset on null in /var/www/html/GameEngine/Village.php:396 | uid=0 | page=/maintenance.php
[2026-08-21 13:25:02] WARNING: Trying to access array offset on null in /var/www/html/GameEngine/Village.php:395 | uid=0 | page=/maintenance.php
[2026-08-21 13:25:02] WARNING: Trying to access array offset on null in /var/www/html/GameEngine/Village.php:396 | uid=0 | page=/maintenance.php
[2026-08-21 13:25:02] WARNING: Trying to access array offset on null in /var/www/html/GameEngine/Village.php:395 | uid=0 | page=/maintenance.php
[2026-08-21 13:25:02] WARNING: Trying to access array offset on null in /var/www/html/GameEngine/Village.php:396 | uid=0 | page=/maintenance.php
[2026-08-21 13:25:02] WARNING: Trying to access array offset on null in /var/www/html/GameEngine/Village.php:395 | uid=0 | page=/maintenance.php
[2026-08-21 13:25:02] WARNING: Trying to access array offset on null in /var/www/html/GameEngine/Village.php:396 | uid=0 | page=/maintenance.php
[2026-08-21 13:25:02] WARNING: Trying to access array offset on null in /var/www/html/GameEngine/Village.php:395 | uid=0 | page=/maintenance.php
[2026-08-21 13:25:02] WARNING: Trying to access array offset on null in /var/www/html/GameEngine/Village.php:396 | uid=0 | page=/maintenance.php
[2026-08-21 13:25:02] WARNING: Trying to access array offset on null in /var/www/html/GameEngine/Village.php:395 | uid=0 | page=/maintenance.php
[2026-08-21 13:25:02] WARNING: Trying to access array offset on null in /var/www/html/GameEngine/Village.php:396 | uid=0 | page=/maintenance.php
[2026-08-21 13:25:02] WARNING: Trying to access array offset on null in /var/www/html/GameEngine/Village.php:395 | uid=0 | page=/maintenance.php
[2026-08-21 13:25:02] WARNING: Trying to access array offset on null in /var/www/html/GameEngine/Village.php:396 | uid=0 | page=/maintenance.php
[2026-08-21 13:25:02] WARNING: Trying to access array offset on null in /var/www/html/GameEngine/Village.php:395 | uid=0 | page=/maintenance.php
[2026-08-21 13:25:02] WARNING: Trying to access array offset on null in /var/www/html/GameEngine/Village.php:396 | uid=0 | page=/maintenance.php
[2026-08-21 13:25:02] WARNING: Trying to access array offset on null in /var/www/html/GameEngine/Village.php:395 | uid=0 | page=/maintenance.php
[2026-08-21 13:25:02] WARNING: Trying to access array offset on null in /var/www/html/GameEngine/Village.php:396 | uid=0 | page=/maintenance.php
[2026-08-21 13:25:02] WARNING: Trying to access array offset on null in /var/www/html/GameEngine/Village.php:395 | uid=0 | page=/maintenance.php
[2026-08-21 13:25:02] WARNING: Trying to access array offset on null in /var/www/html/GameEngine/Village.php:396 | uid=0 | page=/maintenance.php
[2026-08-21 13:25:02] WARNING: Trying to access array offset on null in /var/www/html/GameEngine/Village.php:211 | uid=0 | page=/maintenance.php
[2026-08-21 13:25:02] WARNING: Trying to access array offset on null in /var/www/html/GameEngine/Village.php:247 | uid=0 | page=/maintenance.php
[2026-08-21 13:25:02] WARNING: Undefined variable $message in /var/www/html/Templates/header.tpl:57 | uid=0 | page=/maintenance.php
[2026-08-21 13:25:02] WARNING: Attempt to read property "unread" on null in /var/www/html/Templates/header.tpl:57 | uid=0 | page=/maintenance.php
[2026-08-21 13:25:02] WARNING: Undefined variable $message in /var/www/html/Templates/header.tpl:61 | uid=0 | page=/maintenance.php
[2026-08-21 13:25:02] WARNING: Attempt to read property "unread" on null in /var/www/html/Templates/header.tpl:61 | uid=0 | page=/maintenance.php
[2026-08-21 13:25:02] WARNING: Undefined variable $message in /var/www/html/Templates/header.tpl:61 | uid=0 | page=/maintenance.php
[2026-08-21 13:25:02] WARNING: Attempt to read property "nunread" on null in /var/www/html/Templates/header.tpl:61 | uid=0 | page=/maintenance.php
[2026-08-21 13:25:02] WARNING: Undefined variable $message in /var/www/html/Templates/header.tpl:65 | uid=0 | page=/maintenance.php
[2026-08-21 13:25:02] WARNING: Attempt to read property "unread" on null in /var/www/html/Templates/header.tpl:65 | uid=0 | page=/maintenance.php
[2026-08-21 13:25:04] WARNING: Undefined array key 0 in /var/www/html/GameEngine/Village.php:102 | uid=0 | page=/maintenance.php
[2026-08-21 13:25:04] WARNING: Undefined array key 0 in /var/www/html/GameEngine/Database/DatabaseVillageQueries.php:617 | uid=0 | page=/maintenance.php
[2026-08-21 13:25:04] WARNING: Trying to access array offset on null in /var/www/html/GameEngine/Village.php:164 | uid=0 | page=/maintenance.php
[2026-08-21 13:25:04] WARNING: Undefined array key "fieldtype" in /var/www/html/GameEngine/Database/DatabaseVillageQueries.php:581 | uid=0 | page=/maintenance.php
[2026-08-21 13:25:04] WARNING: Undefined array key 0 in /var/www/html/GameEngine/Database/DatabaseTroopQueries.php:403 | uid=0 | page=/maintenance.php
[2026-08-21 13:25:04] WARNING: Trying to access array offset on null in /var/www/html/GameEngine/Village.php:189 | uid=0 | page=/maintenance.php
[2026-08-21 13:25:04] WARNING: Trying to access array offset on null in /var/www/html/GameEngine/Village.php:190 | uid=0 | page=/maintenance.php
[2026-08-21 13:25:04] WARNING: Trying to access array offset on null in /var/www/html/GameEngine/Village.php:191 | uid=0 | page=/maintenance.php
[2026-08-21 13:25:04] WARNING: Trying to access array offset on null in /var/www/html/GameEngine/Village.php:192 | uid=0 | page=/maintenance.php
[2026-08-21 13:25:04] WARNING: Trying to access array offset on null in /var/www/html/GameEngine/Village.php:197 | uid=0 | page=/maintenance.php
[2026-08-21 13:25:04] WARNING: Trying to access array offset on null in /var/www/html/GameEngine/Village.php:199 | uid=0 | page=/maintenance.php
[2026-08-21 13:25:04] WARNING: Trying to access array offset on null in /var/www/html/GameEngine/Village.php:200 | uid=0 | page=/maintenance.php
[2026-08-21 13:25:04] WARNING: Trying to access array offset on null in /var/www/html/GameEngine/Village.php:201 | uid=0 | page=/maintenance.php
[2026-08-21 13:25:04] WARNING: Trying to access array offset on null in /var/www/html/GameEngine/Village.php:202 | uid=0 | page=/maintenance.php
[2026-08-21 13:25:04] WARNING: Trying to access array offset on null in /var/www/html/GameEngine/Village.php:206 | uid=0 | page=/maintenance.php
[2026-08-21 13:25:04] WARNING: Trying to access array offset on null in /var/www/html/GameEngine/Village.php:207 | uid=0 | page=/maintenance.php
[2026-08-21 13:25:04] WARNING: Trying to access array offset on null in /var/www/html/GameEngine/Village.php:208 | uid=0 | page=/maintenance.php
[2026-08-21 13:25:04] WARNING: Trying to access array offset on null in /var/www/html/GameEngine/Village.php:395 | uid=0 | page=/maintenance.php
[2026-08-21 13:25:04] WARNING: Trying to access array offset on null in /var/www/html/GameEngine/Village.php:396 | uid=0 | page=/maintenance.php
[2026-08-21 13:25:04] WARNING: Trying to access array offset on null in /var/www/html/GameEngine/Village.php:395 | uid=0 | page=/maintenance.php
[2026-08-21 13:25:04] WARNING: Trying to access array offset on null in /var/www/html/GameEngine/Village.php:396 | uid=0 | page=/maintenance.php
[2026-08-21 13:25:04] WARNING: Trying to access array offset on null in /var/www/html/GameEngine/Village.php:395 | uid=0 | page=/maintenance.php
[2026-08-21 13:25:04] WARNING: Trying to access array offset on null in /var/www/html/GameEngine/Village.php:396 | uid=0 | page=/maintenance.php
[2026-08-21 13:25:04] WARNING: Trying to access array offset on null in /var/www/html/GameEngine/Village.php:395 | uid=0 | page=/maintenance.php
[2026-08-21 13:25:04] WARNING: Trying to access array offset on null in /var/www/html/GameEngine/Village.php:396 | uid=0 | page=/maintenance.php
[2026-08-21 13:25:04] WARNING: Trying to access array offset on null in /var/www/html/GameEngine/Village.php:395 | uid=0 | page=/maintenance.php
[2026-08-21 13:25:04] WARNING: Trying to access array offset on null in /var/www/html/GameEngine/Village.php:396 | uid=0 | page=/maintenance.php
[2026-08-21 13:25:04] WARNING: Trying to access array offset on null in /var/www/html/GameEngine/Village.php:395 | uid=0 | page=/maintenance.php
[2026-08-21 13:25:04] WARNING: Trying to access array offset on null in /var/www/html/GameEngine/Village.php:396 | uid=0 | page=/maintenance.php
[2026-08-21 13:25:04] WARNING: Trying to access array offset on null in /var/www/html/GameEngine/Village.php:395 | uid=0 | page=/maintenance.php
[2026-08-21 13:25:04] WARNING: Trying to access array offset on null in /var/www/html/GameEngine/Village.php:396 | uid=0 | page=/maintenance.php
[2026-08-21 13:25:04] WARNING: Trying to access array offset on null in /var/www/html/GameEngine/Village.php:395 | uid=0 | page=/maintenance.php
[2026-08-21 13:25:04] WARNING: Trying to access array offset on null in /var/www/html/GameEngine/Village.php:396 | uid=0 | page=/maintenance.php
[2026-08-21 13:25:04] WARNING: Trying to access array offset on null in /var/www/html/GameEngine/Village.php:395 | uid=0 | page=/maintenance.php
[2026-08-21 13:25:04] WARNING: Trying to access array offset on null in /var/www/html/GameEngine/Village.php:396 | uid=0 | page=/maintenance.php
[2026-08-21 13:25:04] WARNING: Trying to access array offset on null in /var/www/html/GameEngine/Village.php:395 | uid=0 | page=/maintenance.php
[2026-08-21 13:25:04] WARNING: Trying to access array offset on null in /var/www/html/GameEngine/Village.php:396 | uid=0 | page=/maintenance.php
[2026-08-21 13:25:04] WARNING: Trying to access array offset on null in /var/www/html/GameEngine/Village.php:395 | uid=0 | page=/maintenance.php
[2026-08-21 13:25:04] WARNING: Trying to access array offset on null in /var/www/html/GameEngine/Village.php:396 | uid=0 | page=/maintenance.php
[2026-08-21 13:25:04] WARNING: Trying to access array offset on null in /var/www/html/GameEngine/Village.php:395 | uid=0 | page=/maintenance.php
[2026-08-21 13:25:04] WARNING: Trying to access array offset on null in /var/www/html/GameEngine/Village.php:396 | uid=0 | page=/maintenance.php
[2026-08-21 13:25:04] WARNING: Trying to access array offset on null in /var/www/html/GameEngine/Village.php:395 | uid=0 | page=/maintenance.php
[2026-08-21 13:25:04] WARNING: Trying to access array offset on null in /var/www/html/GameEngine/Village.php:396 | uid=0 | page=/maintenance.php
[2026-08-21 13:25:04] WARNING: Trying to access array offset on null in /var/www/html/GameEngine/Village.php:395 | uid=0 | page=/maintenance.php
[2026-08-21 13:25:04] WARNING: Trying to access array offset on null in /var/www/html/GameEngine/Village.php:396 | uid=0 | page=/maintenance.php
[2026-08-21 13:25:04] WARNING: Trying to access array offset on null in /var/www/html/GameEngine/Village.php:395 | uid=0 | page=/maintenance.php
[2026-08-21 13:25:04] WARNING: Trying to access array offset on null in /var/www/html/GameEngine/Village.php:396 | uid=0 | page=/maintenance.php
[2026-08-21 13:25:04] WARNING: Trying to access array offset on null in /var/www/html/GameEngine/Village.php:395 | uid=0 | page=/maintenance.php
[2026-08-21 13:25:04] WARNING: Trying to access array offset on null in /var/www/html/GameEngine/Village.php:396 | uid=0 | page=/maintenance.php
[2026-08-21 13:25:04] WARNING: Trying to access array offset on null in /var/www/html/GameEngine/Village.php:395 | uid=0 | page=/maintenance.php
[2026-08-21 13:25:04] WARNING: Trying to access array offset on null in /var/www/html/GameEngine/Village.php:396 | uid=0 | page=/maintenance.php
[2026-08-21 13:25:04] WARNING: Trying to access array offset on null in /var/www/html/GameEngine/Village.php:395 | uid=0 | page=/maintenance.php
[2026-08-21 13:25:04] WARNING: Trying to access array offset on null in /var/www/html/GameEngine/Village.php:396 | uid=0 | page=/maintenance.php
[2026-08-21 13:25:04] WARNING: Trying to access array offset on null in /var/www/html/GameEngine/Village.php:395 | uid=0 | page=/maintenance.php
[2026-08-21 13:25:04] WARNING: Trying to access array offset on null in /var/www/html/GameEngine/Village.php:396 | uid=0 | page=/maintenance.php
[2026-08-21 13:25:04] WARNING: Trying to access array offset on null in /var/www/html/GameEngine/Village.php:395 | uid=0 | page=/maintenance.php
[2026-08-21 13:25:04] WARNING: Trying to access array offset on null in /var/www/html/GameEngine/Village.php:396 | uid=0 | page=/maintenance.php
[2026-08-21 13:25:04] WARNING: Trying to access array offset on null in /var/www/html/GameEngine/Village.php:395 | uid=0 | page=/maintenance.php
[2026-08-21 13:25:04] WARNING: Trying to access array offset on null in /var/www/html/GameEngine/Village.php:396 | uid=0 | page=/maintenance.php
[2026-08-21 13:25:04] WARNING: Trying to access array offset on null in /var/www/html/GameEngine/Village.php:395 | uid=0 | page=/maintenance.php
[2026-08-21 13:25:04] WARNING: Trying to access array offset on null in /var/www/html/GameEngine/Village.php:396 | uid=0 | page=/maintenance.php
[2026-08-21 13:25:05] WARNING: Trying to access array offset on null in /var/www/html/GameEngine/Village.php:395 | uid=0 | page=/maintenance.php
[2026-08-21 13:25:05] WARNING: Trying to access array offset on null in /var/www/html/GameEngine/Village.php:396 | uid=0 | page=/maintenance.php
[2026-08-21 13:25:05] WARNING: Trying to access array offset on null in /var/www/html/GameEngine/Village.php:395 | uid=0 | page=/maintenance.php
[2026-08-21 13:25:05] WARNING: Trying to access array offset on null in /var/www/html/GameEngine/Village.php:396 | uid=0 | page=/maintenance.php
[2026-08-21 13:25:05] WARNING: Trying to access array offset on null in /var/www/html/GameEngine/Village.php:395 | uid=0 | page=/maintenance.php
[2026-08-21 13:25:05] WARNING: Trying to access array offset on null in /var/www/html/GameEngine/Village.php:396 | uid=0 | page=/maintenance.php
[2026-08-21 13:25:05] WARNING: Trying to access array offset on null in /var/www/html/GameEngine/Village.php:395 | uid=0 | page=/maintenance.php
[2026-08-21 13:25:05] WARNING: Trying to access array offset on null in /var/www/html/GameEngine/Village.php:396 | uid=0 | page=/maintenance.php
[2026-08-21 13:25:05] WARNING: Trying to access array offset on null in /var/www/html/GameEngine/Village.php:395 | uid=0 | page=/maintenance.php
[2026-08-21 13:25:05] WARNING: Trying to access array offset on null in /var/www/html/GameEngine/Village.php:396 | uid=0 | page=/maintenance.php
[2026-08-21 13:25:05] WARNING: Trying to access array offset on null in /var/www/html/GameEngine/Village.php:395 | uid=0 | page=/maintenance.php
[2026-08-21 13:25:05] WARNING: Trying to access array offset on null in /var/www/html/GameEngine/Village.php:396 | uid=0 | page=/maintenance.php
[2026-08-21 13:25:05] WARNING: Trying to access array offset on null in /var/www/html/GameEngine/Village.php:395 | uid=0 | page=/maintenance.php
[2026-08-21 13:25:05] WARNING: Trying to access array offset on null in /var/www/html/GameEngine/Village.php:396 | uid=0 | page=/maintenance.php
[2026-08-21 13:25:05] WARNING: Trying to access array offset on null in /var/www/html/GameEngine/Village.php:395 | uid=0 | page=/maintenance.php
[2026-08-21 13:25:05] WARNING: Trying to access array offset on null in /var/www/html/GameEngine/Village.php:396 | uid=0 | page=/maintenance.php
[2026-08-21 13:25:05] WARNING: Trying to access array offset on null in /var/www/html/GameEngine/Village.php:395 | uid=0 | page=/maintenance.php
[2026-08-21 13:25:05] WARNING: Trying to access array offset on null in /var/www/html/GameEngine/Village.php:396 | uid=0 | page=/maintenance.php
[2026-08-21 13:25:05] WARNING: Trying to access array offset on null in /var/www/html/GameEngine/Village.php:395 | uid=0 | page=/maintenance.php
[2026-08-21 13:25:05] WARNING: Trying to access array offset on null in /var/www/html/GameEngine/Village.php:396 | uid=0 | page=/maintenance.php
[2026-08-21 13:25:05] WARNING: Trying to access array offset on null in /var/www/html/GameEngine/Village.php:395 | uid=0 | page=/maintenance.php
[2026-08-21 13:25:05] WARNING: Trying to access array offset on null in /var/www/html/GameEngine/Village.php:396 | uid=0 | page=/maintenance.php
[2026-08-21 13:25:05] WARNING: Trying to access array offset on null in /var/www/html/GameEngine/Village.php:395 | uid=0 | page=/maintenance.php
[2026-08-21 13:25:05] WARNING: Trying to access array offset on null in /var/www/html/GameEngine/Village.php:396 | uid=0 | page=/maintenance.php
[2026-08-21 13:25:05] WARNING: Trying to access array offset on null in /var/www/html/GameEngine/Village.php:395 | uid=0 | page=/maintenance.php
[2026-08-21 13:25:05] WARNING: Trying to access array offset on null in /var/www/html/GameEngine/Village.php:396 | uid=0 | page=/maintenance.php
[2026-08-21 13:25:05] WARNING: Trying to access array offset on null in /var/www/html/GameEngine/Village.php:395 | uid=0 | page=/maintenance.php
[2026-08-21 13:25:05] WARNING: Trying to access array offset on null in /var/www/html/GameEngine/Village.php:396 | uid=0 | page=/maintenance.php
[2026-08-21 13:25:05] WARNING: Trying to access array offset on null in /var/www/html/GameEngine/Village.php:395 | uid=0 | page=/maintenance.php
[2026-08-21 13:25:05] WARNING: Trying to access array offset on null in /var/www/html/GameEngine/Village.php:396 | uid=0 | page=/maintenance.php
[2026-08-21 13:25:05] WARNING: Trying to access array offset on null in /var/www/html/GameEngine/Village.php:395 | uid=0 | page=/maintenance.php
[2026-08-21 13:25:05] WARNING: Trying to access array offset on null in /var/www/html/GameEngine/Village.php:396 | uid=0 | page=/maintenance.php
[2026-08-21 13:25:05] WARNING: Trying to access array offset on null in /var/www/html/GameEngine/Village.php:211 | uid=0 | page=/maintenance.php
[2026-08-21 13:25:05] WARNING: Trying to access array offset on null in /var/www/html/GameEngine/Village.php:247 | uid=0 | page=/maintenance.php
[2026-08-21 13:25:05] WARNING: Undefined variable $message in /var/www/html/Templates/header.tpl:57 | uid=0 | page=/maintenance.php
[2026-08-21 13:25:05] WARNING: Attempt to read property "unread" on null in /var/www/html/Templates/header.tpl:57 | uid=0 | page=/maintenance.php
[2026-08-21 13:25:05] WARNING: Undefined variable $message in /var/www/html/Templates/header.tpl:61 | uid=0 | page=/maintenance.php
[2026-08-21 13:25:05] WARNING: Attempt to read property "unread" on null in /var/www/html/Templates/header.tpl:61 | uid=0 | page=/maintenance.php
[2026-08-21 13:25:05] WARNING: Undefined variable $message in /var/www/html/Templates/header.tpl:61 | uid=0 | page=/maintenance.php
[2026-08-21 13:25:05] WARNING: Attempt to read property "nunread" on null in /var/www/html/Templates/header.tpl:61 | uid=0 | page=/maintenance.php
[2026-08-21 13:25:05] WARNING: Undefined variable $message in /var/www/html/Templates/header.tpl:65 | uid=0 | page=/maintenance.php
[2026-08-21 13:25:05] WARNING: Attempt to read property "unread" on null in /var/www/html/Templates/header.tpl:65 | uid=0 | page=/maintenance.php
[2026-08-21 13:44:49] WARNING: Undefined array key 0 in /var/www/html/GameEngine/Village.php:102 | uid=0 | page=/maintenance.php
[2026-08-21 13:44:49] WARNING: Undefined array key 0 in /var/www/html/GameEngine/Database/DatabaseVillageQueries.php:617 | uid=0 | page=/maintenance.php
[2026-08-21 13:44:49] WARNING: Trying to access array offset on null in /var/www/html/GameEngine/Village.php:164 | uid=0 | page=/maintenance.php
[2026-08-21 13:44:49] WARNING: Undefined array key "fieldtype" in /var/www/html/GameEngine/Database/DatabaseVillageQueries.php:581 | uid=0 | page=/maintenance.php
[2026-08-21 13:44:49] WARNING: Undefined array key 0 in /var/www/html/GameEngine/Database/DatabaseTroopQueries.php:403 | uid=0 | page=/maintenance.php
[2026-08-21 13:44:49] WARNING: Trying to access array offset on null in /var/www/html/GameEngine/Village.php:189 | uid=0 | page=/maintenance.php
[2026-08-21 13:44:49] WARNING: Trying to access array offset on null in /var/www/html/GameEngine/Village.php:190 | uid=0 | page=/maintenance.php
[2026-08-21 13:44:49] WARNING: Trying to access array offset on null in /var/www/html/GameEngine/Village.php:191 | uid=0 | page=/maintenance.php
[2026-08-21 13:44:49] WARNING: Trying to access array offset on null in /var/www/html/GameEngine/Village.php:192 | uid=0 | page=/maintenance.php
[2026-08-21 13:44:49] WARNING: Trying to access array offset on null in /var/www/html/GameEngine/Village.php:197 | uid=0 | page=/maintenance.php
[2026-08-21 13:44:49] WARNING: Trying to access array offset on null in /var/www/html/GameEngine/Village.php:199 | uid=0 | page=/maintenance.php
[2026-08-21 13:44:49] WARNING: Trying to access array offset on null in /var/www/html/GameEngine/Village.php:200 | uid=0 | page=/maintenance.php
[2026-08-21 13:44:49] WARNING: Trying to access array offset on null in /var/www/html/GameEngine/Village.php:201 | uid=0 | page=/maintenance.php
[2026-08-21 13:44:49] WARNING: Trying to access array offset on null in /var/www/html/GameEngine/Village.php:202 | uid=0 | page=/maintenance.php
[2026-08-21 13:44:49] WARNING: Trying to access array offset on null in /var/www/html/GameEngine/Village.php:206 | uid=0 | page=/maintenance.php
[2026-08-21 13:44:49] WARNING: Trying to access array offset on null in /var/www/html/GameEngine/Village.php:207 | uid=0 | page=/maintenance.php
[2026-08-21 13:44:49] WARNING: Trying to access array offset on null in /var/www/html/GameEngine/Village.php:208 | uid=0 | page=/maintenance.php
[2026-08-21 13:44:49] WARNING: Trying to access array offset on null in /var/www/html/GameEngine/Village.php:395 | uid=0 | page=/maintenance.php
[2026-08-21 13:44:49] WARNING: Trying to access array offset on null in /var/www/html/GameEngine/Village.php:396 | uid=0 | page=/maintenance.php
[2026-08-21 13:44:49] WARNING: Trying to access array offset on null in /var/www/html/GameEngine/Village.php:395 | uid=0 | page=/maintenance.php
[2026-08-21 13:44:49] WARNING: Trying to access array offset on null in /var/www/html/GameEngine/Village.php:396 | uid=0 | page=/maintenance.php
[2026-08-21 13:44:49] WARNING: Trying to access array offset on null in /var/www/html/GameEngine/Village.php:395 | uid=0 | page=/maintenance.php
[2026-08-21 13:44:49] WARNING: Trying to access array offset on null in /var/www/html/GameEngine/Village.php:396 | uid=0 | page=/maintenance.php
[2026-08-21 13:44:49] WARNING: Trying to access array offset on null in /var/www/html/GameEngine/Village.php:395 | uid=0 | page=/maintenance.php
[2026-08-21 13:44:49] WARNING: Trying to access array offset on null in /var/www/html/GameEngine/Village.php:396 | uid=0 | page=/maintenance.php
[2026-08-21 13:44:49] WARNING: Trying to access array offset on null in /var/www/html/GameEngine/Village.php:395 | uid=0 | page=/maintenance.php
[2026-08-21 13:44:49] WARNING: Trying to access array offset on null in /var/www/html/GameEngine/Village.php:396 | uid=0 | page=/maintenance.php
[2026-08-21 13:44:49] WARNING: Trying to access array offset on null in /var/www/html/GameEngine/Village.php:395 | uid=0 | page=/maintenance.php
[2026-08-21 13:44:49] WARNING: Trying to access array offset on null in /var/www/html/GameEngine/Village.php:396 | uid=0 | page=/maintenance.php
[2026-08-21 13:44:49] WARNING: Trying to access array offset on null in /var/www/html/GameEngine/Village.php:395 | uid=0 | page=/maintenance.php
[2026-08-21 13:44:49] WARNING: Trying to access array offset on null in /var/www/html/GameEngine/Village.php:396 | uid=0 | page=/maintenance.php
[2026-08-21 13:44:49] WARNING: Trying to access array offset on null in /var/www/html/GameEngine/Village.php:395 | uid=0 | page=/maintenance.php
[2026-08-21 13:44:49] WARNING: Trying to access array offset on null in /var/www/html/GameEngine/Village.php:396 | uid=0 | page=/maintenance.php
[2026-08-21 13:44:49] WARNING: Trying to access array offset on null in /var/www/html/GameEngine/Village.php:395 | uid=0 | page=/maintenance.php
[2026-08-21 13:44:49] WARNING: Trying to access array offset on null in /var/www/html/GameEngine/Village.php:396 | uid=0 | page=/maintenance.php
[2026-08-21 13:44:49] WARNING: Trying to access array offset on null in /var/www/html/GameEngine/Village.php:395 | uid=0 | page=/maintenance.php
[2026-08-21 13:44:49] WARNING: Trying to access array offset on null in /var/www/html/GameEngine/Village.php:396 | uid=0 | page=/maintenance.php
[2026-08-21 13:44:49] WARNING: Trying to access array offset on null in /var/www/html/GameEngine/Village.php:395 | uid=0 | page=/maintenance.php
[2026-08-21 13:44:49] WARNING: Trying to access array offset on null in /var/www/html/GameEngine/Village.php:396 | uid=0 | page=/maintenance.php
[2026-08-21 13:44:49] WARNING: Trying to access array offset on null in /var/www/html/GameEngine/Village.php:395 | uid=0 | page=/maintenance.php
[2026-08-21 13:44:50] WARNING: Trying to access array offset on null in /var/www/html/GameEngine/Village.php:396 | uid=0 | page=/maintenance.php
[2026-08-21 13:44:50] WARNING: Trying to access array offset on null in /var/www/html/GameEngine/Village.php:395 | uid=0 | page=/maintenance.php
[2026-08-21 13:44:50] WARNING: Trying to access array offset on null in /var/www/html/GameEngine/Village.php:396 | uid=0 | page=/maintenance.php
[2026-08-21 13:44:50] WARNING: Trying to access array offset on null in /var/www/html/GameEngine/Village.php:395 | uid=0 | page=/maintenance.php
[2026-08-21 13:44:50] WARNING: Trying to access array offset on null in /var/www/html/GameEngine/Village.php:396 | uid=0 | page=/maintenance.php
[2026-08-21 13:44:50] WARNING: Trying to access array offset on null in /var/www/html/GameEngine/Village.php:395 | uid=0 | page=/maintenance.php
[2026-08-21 13:44:50] WARNING: Trying to access array offset on null in /var/www/html/GameEngine/Village.php:396 | uid=0 | page=/maintenance.php
[2026-08-21 13:44:50] WARNING: Trying to access array offset on null in /var/www/html/GameEngine/Village.php:395 | uid=0 | page=/maintenance.php
[2026-08-21 13:44:50] WARNING: Trying to access array offset on null in /var/www/html/GameEngine/Village.php:396 | uid=0 | page=/maintenance.php
[2026-08-21 13:44:50] WARNING: Trying to access array offset on null in /var/www/html/GameEngine/Village.php:395 | uid=0 | page=/maintenance.php
[2026-08-21 13:44:50] WARNING: Trying to access array offset on null in /var/www/html/GameEngine/Village.php:396 | uid=0 | page=/maintenance.php
[2026-08-21 13:44:50] WARNING: Trying to access array offset on null in /var/www/html/GameEngine/Village.php:395 | uid=0 | page=/maintenance.php
[2026-08-21 13:44:50] WARNING: Trying to access array offset on null in /var/www/html/GameEngine/Village.php:396 | uid=0 | page=/maintenance.php
[2026-08-21 13:44:50] WARNING: Trying to access array offset on null in /var/www/html/GameEngine/Village.php:395 | uid=0 | page=/maintenance.php
[2026-08-21 13:44:50] WARNING: Trying to access array offset on null in /var/www/html/GameEngine/Village.php:396 | uid=0 | page=/maintenance.php
[2026-08-21 13:44:50] WARNING: Trying to access array offset on null in /var/www/html/GameEngine/Village.php:395 | uid=0 | page=/maintenance.php
[2026-08-21 13:44:50] WARNING: Trying to access array offset on null in /var/www/html/GameEngine/Village.php:396 | uid=0 | page=/maintenance.php
[2026-08-21 13:44:50] WARNING: Trying to access array offset on null in /var/www/html/GameEngine/Village.php:395 | uid=0 | page=/maintenance.php
[2026-08-21 13:44:50] WARNING: Trying to access array offset on null in /var/www/html/GameEngine/Village.php:396 | uid=0 | page=/maintenance.php
[2026-08-21 13:44:50] WARNING: Trying to access array offset on null in /var/www/html/GameEngine/Village.php:395 | uid=0 | page=/maintenance.php
[2026-08-21 13:44:50] WARNING: Trying to access array offset on null in /var/www/html/GameEngine/Village.php:396 | uid=0 | page=/maintenance.php
[2026-08-21 13:44:50] WARNING: Trying to access array offset on null in /var/www/html/GameEngine/Village.php:395 | uid=0 | page=/maintenance.php
[2026-08-21 13:44:50] WARNING: Trying to access array offset on null in /var/www/html/GameEngine/Village.php:396 | uid=0 | page=/maintenance.php
[2026-08-21 13:44:50] WARNING: Trying to access array offset on null in /var/www/html/GameEngine/Village.php:395 | uid=0 | page=/maintenance.php
[2026-08-21 13:44:50] WARNING: Trying to access array offset on null in /var/www/html/GameEngine/Village.php:396 | uid=0 | page=/maintenance.php
[2026-08-21 13:44:50] WARNING: Trying to access array offset on null in /var/www/html/GameEngine/Village.php:395 | uid=0 | page=/maintenance.php
[2026-08-21 13:44:50] WARNING: Trying to access array offset on null in /var/www/html/GameEngine/Village.php:396 | uid=0 | page=/maintenance.php
[2026-08-21 13:44:50] WARNING: Trying to access array offset on null in /var/www/html/GameEngine/Village.php:395 | uid=0 | page=/maintenance.php
[2026-08-21 13:44:50] WARNING: Trying to access array offset on null in /var/www/html/GameEngine/Village.php:396 | uid=0 | page=/maintenance.php
[2026-08-21 13:44:50] WARNING: Trying to access array offset on null in /var/www/html/GameEngine/Village.php:395 | uid=0 | page=/maintenance.php
[2026-08-21 13:44:50] WARNING: Trying to access array offset on null in /var/www/html/GameEngine/Village.php:396 | uid=0 | page=/maintenance.php
[2026-08-21 13:44:50] WARNING: Trying to access array offset on null in /var/www/html/GameEngine/Village.php:395 | uid=0 | page=/maintenance.php
[2026-08-21 13:44:50] WARNING: Trying to access array offset on null in /var/www/html/GameEngine/Village.php:396 | uid=0 | page=/maintenance.php
[2026-08-21 13:44:50] WARNING: Trying to access array offset on null in /var/www/html/GameEngine/Village.php:395 | uid=0 | page=/maintenance.php
[2026-08-21 13:44:50] WARNING: Trying to access array offset on null in /var/www/html/GameEngine/Village.php:396 | uid=0 | page=/maintenance.php
[2026-08-21 13:44:50] WARNING: Trying to access array offset on null in /var/www/html/GameEngine/Village.php:395 | uid=0 | page=/maintenance.php
[2026-08-21 13:44:50] WARNING: Trying to access array offset on null in /var/www/html/GameEngine/Village.php:396 | uid=0 | page=/maintenance.php
[2026-08-21 13:44:50] WARNING: Trying to access array offset on null in /var/www/html/GameEngine/Village.php:395 | uid=0 | page=/maintenance.php
[2026-08-21 13:44:50] WARNING: Trying to access array offset on null in /var/www/html/GameEngine/Village.php:396 | uid=0 | page=/maintenance.php
[2026-08-21 13:44:50] WARNING: Trying to access array offset on null in /var/www/html/GameEngine/Village.php:395 | uid=0 | page=/maintenance.php
[2026-08-21 13:44:50] WARNING: Trying to access array offset on null in /var/www/html/GameEngine/Village.php:396 | uid=0 | page=/maintenance.php
[2026-08-21 13:44:50] WARNING: Trying to access array offset on null in /var/www/html/GameEngine/Village.php:395 | uid=0 | page=/maintenance.php
[2026-08-21 13:44:50] WARNING: Trying to access array offset on null in /var/www/html/GameEngine/Village.php:396 | uid=0 | page=/maintenance.php
[2026-08-21 13:44:50] WARNING: Trying to access array offset on null in /var/www/html/GameEngine/Village.php:395 | uid=0 | page=/maintenance.php
[2026-08-21 13:44:50] WARNING: Trying to access array offset on null in /var/www/html/GameEngine/Village.php:396 | uid=0 | page=/maintenance.php
[2026-08-21 13:44:50] WARNING: Trying to access array offset on null in /var/www/html/GameEngine/Village.php:395 | uid=0 | page=/maintenance.php
[2026-08-21 13:44:50] WARNING: Trying to access array offset on null in /var/www/html/GameEngine/Village.php:396 | uid=0 | page=/maintenance.php
[2026-08-21 13:44:50] WARNING: Trying to access array offset on null in /var/www/html/GameEngine/Village.php:395 | uid=0 | page=/maintenance.php
[2026-08-21 13:44:50] WARNING: Trying to access array offset on null in /var/www/html/GameEngine/Village.php:396 | uid=0 | page=/maintenance.php
[2026-08-21 13:44:50] WARNING: Trying to access array offset on null in /var/www/html/GameEngine/Village.php:395 | uid=0 | page=/maintenance.php
[2026-08-21 13:44:50] WARNING: Trying to access array offset on null in /var/www/html/GameEngine/Village.php:396 | uid=0 | page=/maintenance.php
[2026-08-21 13:44:50] WARNING: Trying to access array offset on null in /var/www/html/GameEngine/Village.php:395 | uid=0 | page=/maintenance.php
[2026-08-21 13:44:50] WARNING: Trying to access array offset on null in /var/www/html/GameEngine/Village.php:396 | uid=0 | page=/maintenance.php
[2026-08-21 13:44:50] WARNING: Trying to access array offset on null in /var/www/html/GameEngine/Village.php:211 | uid=0 | page=/maintenance.php
[2026-08-21 13:44:50] WARNING: Trying to access array offset on null in /var/www/html/GameEngine/Village.php:247 | uid=0 | page=/maintenance.php
[2026-08-21 13:44:50] WARNING: Undefined variable $message in /var/www/html/Templates/header.tpl:57 | uid=0 | page=/maintenance.php
[2026-08-21 13:44:50] WARNING: Attempt to read property "unread" on null in /var/www/html/Templates/header.tpl:57 | uid=0 | page=/maintenance.php
[2026-08-21 13:44:50] WARNING: Undefined variable $message in /var/www/html/Templates/header.tpl:61 | uid=0 | page=/maintenance.php
[2026-08-21 13:44:50] WARNING: Attempt to read property "unread" on null in /var/www/html/Templates/header.tpl:61 | uid=0 | page=/maintenance.php
[2026-08-21 13:44:50] WARNING: Undefined variable $message in /var/www/html/Templates/header.tpl:61 | uid=0 | page=/maintenance.php
[2026-08-21 13:44:50] WARNING: Attempt to read property "nunread" on null in /var/www/html/Templates/header.tpl:61 | uid=0 | page=/maintenance.php
[2026-08-21 13:44:50] WARNING: Undefined variable $message in /var/www/html/Templates/header.tpl:65 | uid=0 | page=/maintenance.php
[2026-08-21 13:44:50] WARNING: Attempt to read property "unread" on null in /var/www/html/Templates/header.tpl:65 | uid=0 | page=/maintenance.php
[2026-08-21 13:44:54] WARNING: Undefined array key 0 in /var/www/html/GameEngine/Village.php:102 | uid=0 | page=/maintenance.php
[2026-08-21 13:44:54] WARNING: Undefined array key 0 in /var/www/html/GameEngine/Database/DatabaseVillageQueries.php:617 | uid=0 | page=/maintenance.php
[2026-08-21 13:44:54] WARNING: Trying to access array offset on null in /var/www/html/GameEngine/Village.php:164 | uid=0 | page=/maintenance.php
[2026-08-21 13:44:54] WARNING: Undefined array key "fieldtype" in /var/www/html/GameEngine/Database/DatabaseVillageQueries.php:581 | uid=0 | page=/maintenance.php
[2026-08-21 13:44:54] WARNING: Undefined array key 0 in /var/www/html/GameEngine/Database/DatabaseTroopQueries.php:403 | uid=0 | page=/maintenance.php
[2026-08-21 13:44:54] WARNING: Trying to access array offset on null in /var/www/html/GameEngine/Village.php:189 | uid=0 | page=/maintenance.php
[2026-08-21 13:44:54] WARNING: Trying to access array offset on null in /var/www/html/GameEngine/Village.php:190 | uid=0 | page=/maintenance.php
[2026-08-21 13:44:54] WARNING: Trying to access array offset on null in /var/www/html/GameEngine/Village.php:191 | uid=0 | page=/maintenance.php
[2026-08-21 13:44:54] WARNING: Trying to access array offset on null in /var/www/html/GameEngine/Village.php:192 | uid=0 | page=/maintenance.php
[2026-08-21 13:44:54] WARNING: Trying to access array offset on null in /var/www/html/GameEngine/Village.php:197 | uid=0 | page=/maintenance.php
[2026-08-21 13:44:54] WARNING: Trying to access array offset on null in /var/www/html/GameEngine/Village.php:199 | uid=0 | page=/maintenance.php
[2026-08-21 13:44:54] WARNING: Trying to access array offset on null in /var/www/html/GameEngine/Village.php:200 | uid=0 | page=/maintenance.php
[2026-08-21 13:44:54] WARNING: Trying to access array offset on null in /var/www/html/GameEngine/Village.php:201 | uid=0 | page=/maintenance.php
[2026-08-21 13:44:54] WARNING: Trying to access array offset on null in /var/www/html/GameEngine/Village.php:202 | uid=0 | page=/maintenance.php
[2026-08-21 13:44:54] WARNING: Trying to access array offset on null in /var/www/html/GameEngine/Village.php:206 | uid=0 | page=/maintenance.php
[2026-08-21 13:44:54] WARNING: Trying to access array offset on null in /var/www/html/GameEngine/Village.php:207 | uid=0 | page=/maintenance.php
[2026-08-21 13:44:54] WARNING: Trying to access array offset on null in /var/www/html/GameEngine/Village.php:208 | uid=0 | page=/maintenance.php
[2026-08-21 13:44:54] WARNING: Trying to access array offset on null in /var/www/html/GameEngine/Village.php:395 | uid=0 | page=/maintenance.php
[2026-08-21 13:44:54] WARNING: Trying to access array offset on null in /var/www/html/GameEngine/Village.php:396 | uid=0 | page=/maintenance.php
[2026-08-21 13:44:54] WARNING: Trying to access array offset on null in /var/www/html/GameEngine/Village.php:395 | uid=0 | page=/maintenance.php
[2026-08-21 13:44:54] WARNING: Trying to access array offset on null in /var/www/html/GameEngine/Village.php:396 | uid=0 | page=/maintenance.php
[2026-08-21 13:44:54] WARNING: Trying to access array offset on null in /var/www/html/GameEngine/Village.php:395 | uid=0 | page=/maintenance.php
[2026-08-21 13:44:54] WARNING: Trying to access array offset on null in /var/www/html/GameEngine/Village.php:396 | uid=0 | page=/maintenance.php
[2026-08-21 13:44:54] WARNING: Trying to access array offset on null in /var/www/html/GameEngine/Village.php:395 | uid=0 | page=/maintenance.php
[2026-08-21 13:44:54] WARNING: Trying to access array offset on null in /var/www/html/GameEngine/Village.php:396 | uid=0 | page=/maintenance.php
[2026-08-21 13:44:54] WARNING: Trying to access array offset on null in /var/www/html/GameEngine/Village.php:395 | uid=0 | page=/maintenance.php
[2026-08-21 13:44:54] WARNING: Trying to access array offset on null in /var/www/html/GameEngine/Village.php:396 | uid=0 | page=/maintenance.php
[2026-08-21 13:44:54] WARNING: Trying to access array offset on null in /var/www/html/GameEngine/Village.php:395 | uid=0 | page=/maintenance.php
[2026-08-21 13:44:54] WARNING: Trying to access array offset on null in /var/www/html/GameEngine/Village.php:396 | uid=0 | page=/maintenance.php
[2026-08-21 13:44:54] WARNING: Trying to access array offset on null in /var/www/html/GameEngine/Village.php:395 | uid=0 | page=/maintenance.php
[2026-08-21 13:44:54] WARNING: Trying to access array offset on null in /var/www/html/GameEngine/Village.php:396 | uid=0 | page=/maintenance.php
[2026-08-21 13:44:54] WARNING: Trying to access array offset on null in /var/www/html/GameEngine/Village.php:395 | uid=0 | page=/maintenance.php
[2026-08-21 13:44:54] WARNING: Trying to access array offset on null in /var/www/html/GameEngine/Village.php:396 | uid=0 | page=/maintenance.php
[2026-08-21 13:44:54] WARNING: Trying to access array offset on null in /var/www/html/GameEngine/Village.php:395 | uid=0 | page=/maintenance.php
[2026-08-21 13:44:54] WARNING: Trying to access array offset on null in /var/www/html/GameEngine/Village.php:396 | uid=0 | page=/maintenance.php
[2026-08-21 13:44:54] WARNING: Trying to access array offset on null in /var/www/html/GameEngine/Village.php:395 | uid=0 | page=/maintenance.php
[2026-08-21 13:44:54] WARNING: Trying to access array offset on null in /var/www/html/GameEngine/Village.php:396 | uid=0 | page=/maintenance.php
[2026-08-21 13:44:54] WARNING: Trying to access array offset on null in /var/www/html/GameEngine/Village.php:395 | uid=0 | page=/maintenance.php
[2026-08-21 13:44:54] WARNING: Trying to access array offset on null in /var/www/html/GameEngine/Village.php:396 | uid=0 | page=/maintenance.php
[2026-08-21 13:44:54] WARNING: Trying to access array offset on null in /var/www/html/GameEngine/Village.php:395 | uid=0 | page=/maintenance.php
[2026-08-21 13:44:54] WARNING: Trying to access array offset on null in /var/www/html/GameEngine/Village.php:396 | uid=0 | page=/maintenance.php
[2026-08-21 13:44:54] WARNING: Trying to access array offset on null in /var/www/html/GameEngine/Village.php:395 | uid=0 | page=/maintenance.php
[2026-08-21 13:44:54] WARNING: Trying to access array offset on null in /var/www/html/GameEngine/Village.php:396 | uid=0 | page=/maintenance.php
[2026-08-21 13:44:54] WARNING: Trying to access array offset on null in /var/www/html/GameEngine/Village.php:395 | uid=0 | page=/maintenance.php
[2026-08-21 13:44:54] WARNING: Trying to access array offset on null in /var/www/html/GameEngine/Village.php:396 | uid=0 | page=/maintenance.php
[2026-08-21 13:44:54] WARNING: Trying to access array offset on null in /var/www/html/GameEngine/Village.php:395 | uid=0 | page=/maintenance.php
[2026-08-21 13:44:54] WARNING: Trying to access array offset on null in /var/www/html/GameEngine/Village.php:396 | uid=0 | page=/maintenance.php
[2026-08-21 13:44:54] WARNING: Trying to access array offset on null in /var/www/html/GameEngine/Village.php:395 | uid=0 | page=/maintenance.php
[2026-08-21 13:44:54] WARNING: Trying to access array offset on null in /var/www/html/GameEngine/Village.php:396 | uid=0 | page=/maintenance.php
[2026-08-21 13:44:54] WARNING: Trying to access array offset on null in /var/www/html/GameEngine/Village.php:395 | uid=0 | page=/maintenance.php
[2026-08-21 13:44:54] WARNING: Trying to access array offset on null in /var/www/html/GameEngine/Village.php:396 | uid=0 | page=/maintenance.php
[2026-08-21 13:44:54] WARNING: Trying to access array offset on null in /var/www/html/GameEngine/Village.php:395 | uid=0 | page=/maintenance.php
[2026-08-21 13:44:54] WARNING: Trying to access array offset on null in /var/www/html/GameEngine/Village.php:396 | uid=0 | page=/maintenance.php
[2026-08-21 13:44:54] WARNING: Trying to access array offset on null in /var/www/html/GameEngine/Village.php:395 | uid=0 | page=/maintenance.php
[2026-08-21 13:44:54] WARNING: Trying to access array offset on null in /var/www/html/GameEngine/Village.php:396 | uid=0 | page=/maintenance.php
[2026-08-21 13:44:54] WARNING: Trying to access array offset on null in /var/www/html/GameEngine/Village.php:395 | uid=0 | page=/maintenance.php
[2026-08-21 13:44:54] WARNING: Trying to access array offset on null in /var/www/html/GameEngine/Village.php:396 | uid=0 | page=/maintenance.php
[2026-08-21 13:44:54] WARNING: Trying to access array offset on null in /var/www/html/GameEngine/Village.php:395 | uid=0 | page=/maintenance.php
[2026-08-21 13:44:54] WARNING: Trying to access array offset on null in /var/www/html/GameEngine/Village.php:396 | uid=0 | page=/maintenance.php
[2026-08-21 13:44:54] WARNING: Trying to access array offset on null in /var/www/html/GameEngine/Village.php:395 | uid=0 | page=/maintenance.php
[2026-08-21 13:44:54] WARNING: Trying to access array offset on null in /var/www/html/GameEngine/Village.php:396 | uid=0 | page=/maintenance.php
[2026-08-21 13:44:54] WARNING: Trying to access array offset on null in /var/www/html/GameEngine/Village.php:395 | uid=0 | page=/maintenance.php
[2026-08-21 13:44:54] WARNING: Trying to access array offset on null in /var/www/html/GameEngine/Village.php:396 | uid=0 | page=/maintenance.php
[2026-08-21 13:44:54] WARNING: Trying to access array offset on null in /var/www/html/GameEngine/Village.php:395 | uid=0 | page=/maintenance.php
[2026-08-21 13:44:54] WARNING: Trying to access array offset on null in /var/www/html/GameEngine/Village.php:396 | uid=0 | page=/maintenance.php
[2026-08-21 13:44:54] WARNING: Trying to access array offset on null in /var/www/html/GameEngine/Village.php:395 | uid=0 | page=/maintenance.php
[2026-08-21 13:44:54] WARNING: Trying to access array offset on null in /var/www/html/GameEngine/Village.php:396 | uid=0 | page=/maintenance.php
[2026-08-21 13:44:54] WARNING: Trying to access array offset on null in /var/www/html/GameEngine/Village.php:395 | uid=0 | page=/maintenance.php
[2026-08-21 13:44:54] WARNING: Trying to access array offset on null in /var/www/html/GameEngine/Village.php:396 | uid=0 | page=/maintenance.php
[2026-08-21 13:44:54] WARNING: Trying to access array offset on null in /var/www/html/GameEngine/Village.php:395 | uid=0 | page=/maintenance.php
[2026-08-21 13:44:54] WARNING: Trying to access array offset on null in /var/www/html/GameEngine/Village.php:396 | uid=0 | page=/maintenance.php
[2026-08-21 13:44:54] WARNING: Trying to access array offset on null in /var/www/html/GameEngine/Village.php:395 | uid=0 | page=/maintenance.php
[2026-08-21 13:44:54] WARNING: Trying to access array offset on null in /var/www/html/GameEngine/Village.php:396 | uid=0 | page=/maintenance.php
[2026-08-21 13:44:54] WARNING: Trying to access array offset on null in /var/www/html/GameEngine/Village.php:395 | uid=0 | page=/maintenance.php
[2026-08-21 13:44:54] WARNING: Trying to access array offset on null in /var/www/html/GameEngine/Village.php:396 | uid=0 | page=/maintenance.php
[2026-08-21 13:44:54] WARNING: Trying to access array offset on null in /var/www/html/GameEngine/Village.php:395 | uid=0 | page=/maintenance.php
[2026-08-21 13:44:54] WARNING: Trying to access array offset on null in /var/www/html/GameEngine/Village.php:396 | uid=0 | page=/maintenance.php
[2026-08-21 13:44:54] WARNING: Trying to access array offset on null in /var/www/html/GameEngine/Village.php:395 | uid=0 | page=/maintenance.php
[2026-08-21 13:44:54] WARNING: Trying to access array offset on null in /var/www/html/GameEngine/Village.php:396 | uid=0 | page=/maintenance.php
[2026-08-21 13:44:54] WARNING: Trying to access array offset on null in /var/www/html/GameEngine/Village.php:395 | uid=0 | page=/maintenance.php
[2026-08-21 13:44:54] WARNING: Trying to access array offset on null in /var/www/html/GameEngine/Village.php:396 | uid=0 | page=/maintenance.php
[2026-08-21 13:44:54] WARNING: Trying to access array offset on null in /var/www/html/GameEngine/Village.php:395 | uid=0 | page=/maintenance.php
[2026-08-21 13:44:54] WARNING: Trying to access array offset on null in /var/www/html/GameEngine/Village.php:396 | uid=0 | page=/maintenance.php
[2026-08-21 13:44:54] WARNING: Trying to access array offset on null in /var/www/html/GameEngine/Village.php:395 | uid=0 | page=/maintenance.php
[2026-08-21 13:44:55] WARNING: Trying to access array offset on null in /var/www/html/GameEngine/Village.php:396 | uid=0 | page=/maintenance.php
[2026-08-21 13:44:55] WARNING: Trying to access array offset on null in /var/www/html/GameEngine/Village.php:395 | uid=0 | page=/maintenance.php
[2026-08-21 13:44:55] WARNING: Trying to access array offset on null in /var/www/html/GameEngine/Village.php:396 | uid=0 | page=/maintenance.php
[2026-08-21 13:44:55] WARNING: Trying to access array offset on null in /var/www/html/GameEngine/Village.php:395 | uid=0 | page=/maintenance.php
[2026-08-21 13:44:55] WARNING: Trying to access array offset on null in /var/www/html/GameEngine/Village.php:396 | uid=0 | page=/maintenance.php
[2026-08-21 13:44:55] WARNING: Trying to access array offset on null in /var/www/html/GameEngine/Village.php:395 | uid=0 | page=/maintenance.php
[2026-08-21 13:44:55] WARNING: Trying to access array offset on null in /var/www/html/GameEngine/Village.php:396 | uid=0 | page=/maintenance.php
[2026-08-21 13:44:55] WARNING: Trying to access array offset on null in /var/www/html/GameEngine/Village.php:395 | uid=0 | page=/maintenance.php
[2026-08-21 13:44:55] WARNING: Trying to access array offset on null in /var/www/html/GameEngine/Village.php:396 | uid=0 | page=/maintenance.php
[2026-08-21 13:44:55] WARNING: Trying to access array offset on null in /var/www/html/GameEngine/Village.php:211 | uid=0 | page=/maintenance.php
[2026-08-21 13:44:55] WARNING: Trying to access array offset on null in /var/www/html/GameEngine/Village.php:247 | uid=0 | page=/maintenance.php
[2026-08-21 13:44:55] WARNING: Undefined variable $message in /var/www/html/Templates/header.tpl:57 | uid=0 | page=/maintenance.php
[2026-08-21 13:44:55] WARNING: Attempt to read property "unread" on null in /var/www/html/Templates/header.tpl:57 | uid=0 | page=/maintenance.php
[2026-08-21 13:44:55] WARNING: Undefined variable $message in /var/www/html/Templates/header.tpl:61 | uid=0 | page=/maintenance.php
[2026-08-21 13:44:55] WARNING: Attempt to read property "unread" on null in /var/www/html/Templates/header.tpl:61 | uid=0 | page=/maintenance.php
[2026-08-21 13:44:55] WARNING: Undefined variable $message in /var/www/html/Templates/header.tpl:61 | uid=0 | page=/maintenance.php
[2026-08-21 13:44:55] WARNING: Attempt to read property "nunread" on null in /var/www/html/Templates/header.tpl:61 | uid=0 | page=/maintenance.php
[2026-08-21 13:44:55] WARNING: Undefined variable $message in /var/www/html/Templates/header.tpl:65 | uid=0 | page=/maintenance.php
[2026-08-21 13:44:55] WARNING: Attempt to read property "unread" on null in /var/www/html/Templates/header.tpl:65 | uid=0 | page=/maintenance.php
[2026-08-21 13:44:55] WARNING: Undefined array key 0 in /var/www/html/GameEngine/Village.php:102 | uid=0 | page=/maintenance.php
[2026-08-21 13:44:55] WARNING: Undefined array key 0 in /var/www/html/GameEngine/Database/DatabaseVillageQueries.php:617 | uid=0 | page=/maintenance.php
[2026-08-21 13:44:55] WARNING: Trying to access array offset on null in /var/www/html/GameEngine/Village.php:164 | uid=0 | page=/maintenance.php
[2026-08-21 13:44:55] WARNING: Undefined array key "fieldtype" in /var/www/html/GameEngine/Database/DatabaseVillageQueries.php:581 | uid=0 | page=/maintenance.php
[2026-08-21 13:44:55] WARNING: Undefined array key 0 in /var/www/html/GameEngine/Database/DatabaseTroopQueries.php:403 | uid=0 | page=/maintenance.php
[2026-08-21 13:44:55] WARNING: Trying to access array offset on null in /var/www/html/GameEngine/Village.php:189 | uid=0 | page=/maintenance.php
[2026-08-21 13:44:55] WARNING: Trying to access array offset on null in /var/www/html/GameEngine/Village.php:190 | uid=0 | page=/maintenance.php
[2026-08-21 13:44:55] WARNING: Trying to access array offset on null in /var/www/html/GameEngine/Village.php:191 | uid=0 | page=/maintenance.php
[2026-08-21 13:44:55] WARNING: Trying to access array offset on null in /var/www/html/GameEngine/Village.php:192 | uid=0 | page=/maintenance.php
[2026-08-21 13:44:55] WARNING: Trying to access array offset on null in /var/www/html/GameEngine/Village.php:197 | uid=0 | page=/maintenance.php
[2026-08-21 13:44:55] WARNING: Trying to access array offset on null in /var/www/html/GameEngine/Village.php:199 | uid=0 | page=/maintenance.php
[2026-08-21 13:44:55] WARNING: Trying to access array offset on null in /var/www/html/GameEngine/Village.php:200 | uid=0 | page=/maintenance.php
[2026-08-21 13:44:55] WARNING: Trying to access array offset on null in /var/www/html/GameEngine/Village.php:201 | uid=0 | page=/maintenance.php
[2026-08-21 13:44:55] WARNING: Trying to access array offset on null in /var/www/html/GameEngine/Village.php:202 | uid=0 | page=/maintenance.php
[2026-08-21 13:44:55] WARNING: Trying to access array offset on null in /var/www/html/GameEngine/Village.php:206 | uid=0 | page=/maintenance.php
[2026-08-21 13:44:55] WARNING: Trying to access array offset on null in /var/www/html/GameEngine/Village.php:207 | uid=0 | page=/maintenance.php
[2026-08-21 13:44:55] WARNING: Trying to access array offset on null in /var/www/html/GameEngine/Village.php:208 | uid=0 | page=/maintenance.php
[2026-08-21 13:44:55] WARNING: Trying to access array offset on null in /var/www/html/GameEngine/Village.php:395 | uid=0 | page=/maintenance.php
[2026-08-21 13:44:55] WARNING: Trying to access array offset on null in /var/www/html/GameEngine/Village.php:396 | uid=0 | page=/maintenance.php
[2026-08-21 13:44:55] WARNING: Trying to access array offset on null in /var/www/html/GameEngine/Village.php:395 | uid=0 | page=/maintenance.php
[2026-08-21 13:44:55] WARNING: Trying to access array offset on null in /var/www/html/GameEngine/Village.php:396 | uid=0 | page=/maintenance.php
[2026-08-21 13:44:55] WARNING: Trying to access array offset on null in /var/www/html/GameEngine/Village.php:395 | uid=0 | page=/maintenance.php
[2026-08-21 13:44:55] WARNING: Trying to access array offset on null in /var/www/html/GameEngine/Village.php:396 | uid=0 | page=/maintenance.php
[2026-08-21 13:44:55] WARNING: Trying to access array offset on null in /var/www/html/GameEngine/Village.php:395 | uid=0 | page=/maintenance.php
[2026-08-21 13:44:55] WARNING: Trying to access array offset on null in /var/www/html/GameEngine/Village.php:396 | uid=0 | page=/maintenance.php
[2026-08-21 13:44:55] WARNING: Trying to access array offset on null in /var/www/html/GameEngine/Village.php:395 | uid=0 | page=/maintenance.php
[2026-08-21 13:44:55] WARNING: Trying to access array offset on null in /var/www/html/GameEngine/Village.php:396 | uid=0 | page=/maintenance.php
[2026-08-21 13:44:55] WARNING: Trying to access array offset on null in /var/www/html/GameEngine/Village.php:395 | uid=0 | page=/maintenance.php
[2026-08-21 13:44:55] WARNING: Trying to access array offset on null in /var/www/html/GameEngine/Village.php:396 | uid=0 | page=/maintenance.php
[2026-08-21 13:44:55] WARNING: Trying to access array offset on null in /var/www/html/GameEngine/Village.php:395 | uid=0 | page=/maintenance.php
[2026-08-21 13:44:55] WARNING: Trying to access array offset on null in /var/www/html/GameEngine/Village.php:396 | uid=0 | page=/maintenance.php
[2026-08-21 13:44:55] WARNING: Trying to access array offset on null in /var/www/html/GameEngine/Village.php:395 | uid=0 | page=/maintenance.php
[2026-08-21 13:44:55] WARNING: Trying to access array offset on null in /var/www/html/GameEngine/Village.php:396 | uid=0 | page=/maintenance.php
[2026-08-21 13:44:55] WARNING: Trying to access array offset on null in /var/www/html/GameEngine/Village.php:395 | uid=0 | page=/maintenance.php
[2026-08-21 13:44:55] WARNING: Trying to access array offset on null in /var/www/html/GameEngine/Village.php:396 | uid=0 | page=/maintenance.php
[2026-08-21 13:44:55] WARNING: Trying to access array offset on null in /var/www/html/GameEngine/Village.php:395 | uid=0 | page=/maintenance.php
[2026-08-21 13:44:55] WARNING: Trying to access array offset on null in /var/www/html/GameEngine/Village.php:396 | uid=0 | page=/maintenance.php
[2026-08-21 13:44:55] WARNING: Trying to access array offset on null in /var/www/html/GameEngine/Village.php:395 | uid=0 | page=/maintenance.php
[2026-08-21 13:44:55] WARNING: Trying to access array offset on null in /var/www/html/GameEngine/Village.php:396 | uid=0 | page=/maintenance.php
[2026-08-21 13:44:55] WARNING: Trying to access array offset on null in /var/www/html/GameEngine/Village.php:395 | uid=0 | page=/maintenance.php
[2026-08-21 13:44:55] WARNING: Trying to access array offset on null in /var/www/html/GameEngine/Village.php:396 | uid=0 | page=/maintenance.php
[2026-08-21 13:44:55] WARNING: Trying to access array offset on null in /var/www/html/GameEngine/Village.php:395 | uid=0 | page=/maintenance.php
[2026-08-21 13:44:55] WARNING: Trying to access array offset on null in /var/www/html/GameEngine/Village.php:396 | uid=0 | page=/maintenance.php
[2026-08-21 13:44:55] WARNING: Trying to access array offset on null in /var/www/html/GameEngine/Village.php:395 | uid=0 | page=/maintenance.php
[2026-08-21 13:44:55] WARNING: Trying to access array offset on null in /var/www/html/GameEngine/Village.php:396 | uid=0 | page=/maintenance.php
[2026-08-21 13:44:55] WARNING: Trying to access array offset on null in /var/www/html/GameEngine/Village.php:395 | uid=0 | page=/maintenance.php
[2026-08-21 13:44:55] WARNING: Trying to access array offset on null in /var/www/html/GameEngine/Village.php:396 | uid=0 | page=/maintenance.php
[2026-08-21 13:44:55] WARNING: Trying to access array offset on null in /var/www/html/GameEngine/Village.php:395 | uid=0 | page=/maintenance.php
[2026-08-21 13:44:55] WARNING: Trying to access array offset on null in /var/www/html/GameEngine/Village.php:396 | uid=0 | page=/maintenance.php
[2026-08-21 13:44:55] WARNING: Trying to access array offset on null in /var/www/html/GameEngine/Village.php:395 | uid=0 | page=/maintenance.php
[2026-08-21 13:44:55] WARNING: Trying to access array offset on null in /var/www/html/GameEngine/Village.php:396 | uid=0 | page=/maintenance.php
[2026-08-21 13:44:55] WARNING: Trying to access array offset on null in /var/www/html/GameEngine/Village.php:395 | uid=0 | page=/maintenance.php
[2026-08-21 13:44:55] WARNING: Trying to access array offset on null in /var/www/html/GameEngine/Village.php:396 | uid=0 | page=/maintenance.php
[2026-08-21 13:44:55] WARNING: Trying to access array offset on null in /var/www/html/GameEngine/Village.php:395 | uid=0 | page=/maintenance.php
[2026-08-21 13:44:55] WARNING: Trying to access array offset on null in /var/www/html/GameEngine/Village.php:396 | uid=0 | page=/maintenance.php
[2026-08-21 13:44:55] WARNING: Trying to access array offset on null in /var/www/html/GameEngine/Village.php:395 | uid=0 | page=/maintenance.php
[2026-08-21 13:44:55] WARNING: Trying to access array offset on null in /var/www/html/GameEngine/Village.php:396 | uid=0 | page=/maintenance.php
[2026-08-21 13:44:55] WARNING: Trying to access array offset on null in /var/www/html/GameEngine/Village.php:395 | uid=0 | page=/maintenance.php
[2026-08-21 13:44:55] WARNING: Trying to access array offset on null in /var/www/html/GameEngine/Village.php:396 | uid=0 | page=/maintenance.php
[2026-08-21 13:44:55] WARNING: Trying to access array offset on null in /var/www/html/GameEngine/Village.php:395 | uid=0 | page=/maintenance.php
[2026-08-21 13:44:55] WARNING: Trying to access array offset on null in /var/www/html/GameEngine/Village.php:396 | uid=0 | page=/maintenance.php
[2026-08-21 13:44:56] WARNING: Trying to access array offset on null in /var/www/html/GameEngine/Village.php:395 | uid=0 | page=/maintenance.php
[2026-08-21 13:44:56] WARNING: Trying to access array offset on null in /var/www/html/GameEngine/Village.php:396 | uid=0 | page=/maintenance.php
[2026-08-21 13:44:56] WARNING: Trying to access array offset on null in /var/www/html/GameEngine/Village.php:395 | uid=0 | page=/maintenance.php
[2026-08-21 13:44:56] WARNING: Trying to access array offset on null in /var/www/html/GameEngine/Village.php:396 | uid=0 | page=/maintenance.php
[2026-08-21 13:44:56] WARNING: Trying to access array offset on null in /var/www/html/GameEngine/Village.php:395 | uid=0 | page=/maintenance.php
[2026-08-21 13:44:56] WARNING: Trying to access array offset on null in /var/www/html/GameEngine/Village.php:396 | uid=0 | page=/maintenance.php
[2026-08-21 13:44:56] WARNING: Trying to access array offset on null in /var/www/html/GameEngine/Village.php:395 | uid=0 | page=/maintenance.php
[2026-08-21 13:44:56] WARNING: Trying to access array offset on null in /var/www/html/GameEngine/Village.php:396 | uid=0 | page=/maintenance.php
[2026-08-21 13:44:56] WARNING: Trying to access array offset on null in /var/www/html/GameEngine/Village.php:395 | uid=0 | page=/maintenance.php
[2026-08-21 13:44:56] WARNING: Trying to access array offset on null in /var/www/html/GameEngine/Village.php:396 | uid=0 | page=/maintenance.php
[2026-08-21 13:44:56] WARNING: Trying to access array offset on null in /var/www/html/GameEngine/Village.php:395 | uid=0 | page=/maintenance.php
[2026-08-21 13:44:56] WARNING: Trying to access array offset on null in /var/www/html/GameEngine/Village.php:396 | uid=0 | page=/maintenance.php
[2026-08-21 13:44:56] WARNING: Trying to access array offset on null in /var/www/html/GameEngine/Village.php:395 | uid=0 | page=/maintenance.php
[2026-08-21 13:44:56] WARNING: Trying to access array offset on null in /var/www/html/GameEngine/Village.php:396 | uid=0 | page=/maintenance.php
[2026-08-21 13:44:56] WARNING: Trying to access array offset on null in /var/www/html/GameEngine/Village.php:395 | uid=0 | page=/maintenance.php
[2026-08-21 13:44:56] WARNING: Trying to access array offset on null in /var/www/html/GameEngine/Village.php:396 | uid=0 | page=/maintenance.php
[2026-08-21 13:44:56] WARNING: Trying to access array offset on null in /var/www/html/GameEngine/Village.php:395 | uid=0 | page=/maintenance.php
[2026-08-21 13:44:56] WARNING: Trying to access array offset on null in /var/www/html/GameEngine/Village.php:396 | uid=0 | page=/maintenance.php
[2026-08-21 13:44:56] WARNING: Trying to access array offset on null in /var/www/html/GameEngine/Village.php:395 | uid=0 | page=/maintenance.php
[2026-08-21 13:44:56] WARNING: Trying to access array offset on null in /var/www/html/GameEngine/Village.php:396 | uid=0 | page=/maintenance.php
[2026-08-21 13:44:56] WARNING: Trying to access array offset on null in /var/www/html/GameEngine/Village.php:395 | uid=0 | page=/maintenance.php
[2026-08-21 13:44:56] WARNING: Trying to access array offset on null in /var/www/html/GameEngine/Village.php:396 | uid=0 | page=/maintenance.php
[2026-08-21 13:44:56] WARNING: Trying to access array offset on null in /var/www/html/GameEngine/Village.php:395 | uid=0 | page=/maintenance.php
[2026-08-21 13:44:56] WARNING: Trying to access array offset on null in /var/www/html/GameEngine/Village.php:396 | uid=0 | page=/maintenance.php
[2026-08-21 13:44:56] WARNING: Trying to access array offset on null in /var/www/html/GameEngine/Village.php:395 | uid=0 | page=/maintenance.php
[2026-08-21 13:44:56] WARNING: Trying to access array offset on null in /var/www/html/GameEngine/Village.php:396 | uid=0 | page=/maintenance.php
[2026-08-21 13:44:56] WARNING: Trying to access array offset on null in /var/www/html/GameEngine/Village.php:395 | uid=0 | page=/maintenance.php
[2026-08-21 13:44:56] WARNING: Trying to access array offset on null in /var/www/html/GameEngine/Village.php:396 | uid=0 | page=/maintenance.php
[2026-08-21 13:44:56] WARNING: Trying to access array offset on null in /var/www/html/GameEngine/Village.php:395 | uid=0 | page=/maintenance.php
[2026-08-21 13:44:56] WARNING: Trying to access array offset on null in /var/www/html/GameEngine/Village.php:396 | uid=0 | page=/maintenance.php
[2026-08-21 13:44:56] WARNING: Trying to access array offset on null in /var/www/html/GameEngine/Village.php:395 | uid=0 | page=/maintenance.php
[2026-08-21 13:44:56] WARNING: Trying to access array offset on null in /var/www/html/GameEngine/Village.php:396 | uid=0 | page=/maintenance.php
[2026-08-21 13:44:56] WARNING: Trying to access array offset on null in /var/www/html/GameEngine/Village.php:211 | uid=0 | page=/maintenance.php
[2026-08-21 13:44:56] WARNING: Trying to access array offset on null in /var/www/html/GameEngine/Village.php:247 | uid=0 | page=/maintenance.php
[2026-08-21 13:44:56] WARNING: Undefined variable $message in /var/www/html/Templates/header.tpl:57 | uid=0 | page=/maintenance.php
[2026-08-21 13:44:56] WARNING: Attempt to read property "unread" on null in /var/www/html/Templates/header.tpl:57 | uid=0 | page=/maintenance.php
[2026-08-21 13:44:56] WARNING: Undefined variable $message in /var/www/html/Templates/header.tpl:61 | uid=0 | page=/maintenance.php
[2026-08-21 13:44:56] WARNING: Attempt to read property "unread" on null in /var/www/html/Templates/header.tpl:61 | uid=0 | page=/maintenance.php
[2026-08-21 13:44:56] WARNING: Undefined variable $message in /var/www/html/Templates/header.tpl:61 | uid=0 | page=/maintenance.php
[2026-08-21 13:44:56] WARNING: Attempt to read property "nunread" on null in /var/www/html/Templates/header.tpl:61 | uid=0 | page=/maintenance.php
[2026-08-21 13:44:56] WARNING: Undefined variable $message in /var/www/html/Templates/header.tpl:65 | uid=0 | page=/maintenance.php
[2026-08-21 13:44:56] WARNING: Attempt to read property "unread" on null in /var/www/html/Templates/header.tpl:65 | uid=0 | page=/maintenance.php
[2026-08-21 13:45:00] WARNING: Undefined array key 0 in /var/www/html/GameEngine/Village.php:102 | uid=0 | page=/maintenance.php
[2026-08-21 13:45:00] WARNING: Undefined array key 0 in /var/www/html/GameEngine/Database/DatabaseVillageQueries.php:617 | uid=0 | page=/maintenance.php
[2026-08-21 13:45:00] WARNING: Trying to access array offset on null in /var/www/html/GameEngine/Village.php:164 | uid=0 | page=/maintenance.php
[2026-08-21 13:45:00] WARNING: Undefined array key "fieldtype" in /var/www/html/GameEngine/Database/DatabaseVillageQueries.php:581 | uid=0 | page=/maintenance.php
[2026-08-21 13:45:00] WARNING: Undefined array key 0 in /var/www/html/GameEngine/Database/DatabaseTroopQueries.php:403 | uid=0 | page=/maintenance.php
[2026-08-21 13:45:00] WARNING: Trying to access array offset on null in /var/www/html/GameEngine/Village.php:189 | uid=0 | page=/maintenance.php
[2026-08-21 13:45:00] WARNING: Trying to access array offset on null in /var/www/html/GameEngine/Village.php:190 | uid=0 | page=/maintenance.php
[2026-08-21 13:45:00] WARNING: Trying to access array offset on null in /var/www/html/GameEngine/Village.php:191 | uid=0 | page=/maintenance.php
[2026-08-21 13:45:00] WARNING: Trying to access array offset on null in /var/www/html/GameEngine/Village.php:192 | uid=0 | page=/maintenance.php
[2026-08-21 13:45:00] WARNING: Trying to access array offset on null in /var/www/html/GameEngine/Village.php:197 | uid=0 | page=/maintenance.php
[2026-08-21 13:45:00] WARNING: Trying to access array offset on null in /var/www/html/GameEngine/Village.php:199 | uid=0 | page=/maintenance.php
[2026-08-21 13:45:00] WARNING: Trying to access array offset on null in /var/www/html/GameEngine/Village.php:200 | uid=0 | page=/maintenance.php
[2026-08-21 13:45:00] WARNING: Trying to access array offset on null in /var/www/html/GameEngine/Village.php:201 | uid=0 | page=/maintenance.php
[2026-08-21 13:45:00] WARNING: Trying to access array offset on null in /var/www/html/GameEngine/Village.php:202 | uid=0 | page=/maintenance.php
[2026-08-21 13:45:00] WARNING: Trying to access array offset on null in /var/www/html/GameEngine/Village.php:206 | uid=0 | page=/maintenance.php
[2026-08-21 13:45:00] WARNING: Trying to access array offset on null in /var/www/html/GameEngine/Village.php:207 | uid=0 | page=/maintenance.php
[2026-08-21 13:45:00] WARNING: Trying to access array offset on null in /var/www/html/GameEngine/Village.php:208 | uid=0 | page=/maintenance.php
[2026-08-21 13:45:00] WARNING: Trying to access array offset on null in /var/www/html/GameEngine/Village.php:395 | uid=0 | page=/maintenance.php
[2026-08-21 13:45:00] WARNING: Trying to access array offset on null in /var/www/html/GameEngine/Village.php:396 | uid=0 | page=/maintenance.php
[2026-08-21 13:45:00] WARNING: Trying to access array offset on null in /var/www/html/GameEngine/Village.php:395 | uid=0 | page=/maintenance.php
[2026-08-21 13:45:00] WARNING: Trying to access array offset on null in /var/www/html/GameEngine/Village.php:396 | uid=0 | page=/maintenance.php
[2026-08-21 13:45:00] WARNING: Trying to access array offset on null in /var/www/html/GameEngine/Village.php:395 | uid=0 | page=/maintenance.php
[2026-08-21 13:45:00] WARNING: Trying to access array offset on null in /var/www/html/GameEngine/Village.php:396 | uid=0 | page=/maintenance.php
[2026-08-21 13:45:00] WARNING: Trying to access array offset on null in /var/www/html/GameEngine/Village.php:395 | uid=0 | page=/maintenance.php
[2026-08-21 13:45:00] WARNING: Trying to access array offset on null in /var/www/html/GameEngine/Village.php:396 | uid=0 | page=/maintenance.php
[2026-08-21 13:45:00] WARNING: Trying to access array offset on null in /var/www/html/GameEngine/Village.php:395 | uid=0 | page=/maintenance.php
[2026-08-21 13:45:00] WARNING: Trying to access array offset on null in /var/www/html/GameEngine/Village.php:396 | uid=0 | page=/maintenance.php
[2026-08-21 13:45:00] WARNING: Trying to access array offset on null in /var/www/html/GameEngine/Village.php:395 | uid=0 | page=/maintenance.php
[2026-08-21 13:45:00] WARNING: Trying to access array offset on null in /var/www/html/GameEngine/Village.php:396 | uid=0 | page=/maintenance.php
[2026-08-21 13:45:00] WARNING: Trying to access array offset on null in /var/www/html/GameEngine/Village.php:395 | uid=0 | page=/maintenance.php
[2026-08-21 13:45:00] WARNING: Trying to access array offset on null in /var/www/html/GameEngine/Village.php:396 | uid=0 | page=/maintenance.php
[2026-08-21 13:45:00] WARNING: Trying to access array offset on null in /var/www/html/GameEngine/Village.php:395 | uid=0 | page=/maintenance.php
[2026-08-21 13:45:00] WARNING: Trying to access array offset on null in /var/www/html/GameEngine/Village.php:396 | uid=0 | page=/maintenance.php
[2026-08-21 13:45:00] WARNING: Trying to access array offset on null in /var/www/html/GameEngine/Village.php:395 | uid=0 | page=/maintenance.php
[2026-08-21 13:45:00] WARNING: Trying to access array offset on null in /var/www/html/GameEngine/Village.php:396 | uid=0 | page=/maintenance.php
[2026-08-21 13:45:00] WARNING: Trying to access array offset on null in /var/www/html/GameEngine/Village.php:395 | uid=0 | page=/maintenance.php
[2026-08-21 13:45:00] WARNING: Trying to access array offset on null in /var/www/html/GameEngine/Village.php:396 | uid=0 | page=/maintenance.php
[2026-08-21 13:45:00] WARNING: Trying to access array offset on null in /var/www/html/GameEngine/Village.php:395 | uid=0 | page=/maintenance.php
[2026-08-21 13:45:00] WARNING: Trying to access array offset on null in /var/www/html/GameEngine/Village.php:396 | uid=0 | page=/maintenance.php
[2026-08-21 13:45:00] WARNING: Trying to access array offset on null in /var/www/html/GameEngine/Village.php:395 | uid=0 | page=/maintenance.php
[2026-08-21 13:45:00] WARNING: Trying to access array offset on null in /var/www/html/GameEngine/Village.php:396 | uid=0 | page=/maintenance.php
[2026-08-21 13:45:00] WARNING: Trying to access array offset on null in /var/www/html/GameEngine/Village.php:395 | uid=0 | page=/maintenance.php
[2026-08-21 13:45:00] WARNING: Trying to access array offset on null in /var/www/html/GameEngine/Village.php:396 | uid=0 | page=/maintenance.php
[2026-08-21 13:45:00] WARNING: Trying to access array offset on null in /var/www/html/GameEngine/Village.php:395 | uid=0 | page=/maintenance.php
[2026-08-21 13:45:00] WARNING: Trying to access array offset on null in /var/www/html/GameEngine/Village.php:396 | uid=0 | page=/maintenance.php
[2026-08-21 13:45:00] WARNING: Trying to access array offset on null in /var/www/html/GameEngine/Village.php:395 | uid=0 | page=/maintenance.php
[2026-08-21 13:45:00] WARNING: Trying to access array offset on null in /var/www/html/GameEngine/Village.php:396 | uid=0 | page=/maintenance.php
[2026-08-21 13:45:00] WARNING: Trying to access array offset on null in /var/www/html/GameEngine/Village.php:395 | uid=0 | page=/maintenance.php
[2026-08-21 13:45:00] WARNING: Trying to access array offset on null in /var/www/html/GameEngine/Village.php:396 | uid=0 | page=/maintenance.php
[2026-08-21 13:45:01] WARNING: Trying to access array offset on null in /var/www/html/GameEngine/Village.php:395 | uid=0 | page=/maintenance.php
[2026-08-21 13:45:01] WARNING: Trying to access array offset on null in /var/www/html/GameEngine/Village.php:396 | uid=0 | page=/maintenance.php
[2026-08-21 13:45:01] WARNING: Trying to access array offset on null in /var/www/html/GameEngine/Village.php:395 | uid=0 | page=/maintenance.php
[2026-08-21 13:45:01] WARNING: Trying to access array offset on null in /var/www/html/GameEngine/Village.php:396 | uid=0 | page=/maintenance.php
[2026-08-21 13:45:01] WARNING: Trying to access array offset on null in /var/www/html/GameEngine/Village.php:395 | uid=0 | page=/maintenance.php
[2026-08-21 13:45:01] WARNING: Trying to access array offset on null in /var/www/html/GameEngine/Village.php:396 | uid=0 | page=/maintenance.php
[2026-08-21 13:45:01] WARNING: Trying to access array offset on null in /var/www/html/GameEngine/Village.php:395 | uid=0 | page=/maintenance.php
[2026-08-21 13:45:01] WARNING: Trying to access array offset on null in /var/www/html/GameEngine/Village.php:396 | uid=0 | page=/maintenance.php
[2026-08-21 13:45:01] WARNING: Trying to access array offset on null in /var/www/html/GameEngine/Village.php:395 | uid=0 | page=/maintenance.php
[2026-08-21 13:45:01] WARNING: Trying to access array offset on null in /var/www/html/GameEngine/Village.php:396 | uid=0 | page=/maintenance.php
[2026-08-21 13:45:01] WARNING: Trying to access array offset on null in /var/www/html/GameEngine/Village.php:395 | uid=0 | page=/maintenance.php
[2026-08-21 13:45:01] WARNING: Trying to access array offset on null in /var/www/html/GameEngine/Village.php:396 | uid=0 | page=/maintenance.php
[2026-08-21 13:45:01] WARNING: Trying to access array offset on null in /var/www/html/GameEngine/Village.php:395 | uid=0 | page=/maintenance.php
[2026-08-21 13:45:01] WARNING: Trying to access array offset on null in /var/www/html/GameEngine/Village.php:396 | uid=0 | page=/maintenance.php
[2026-08-21 13:45:01] WARNING: Trying to access array offset on null in /var/www/html/GameEngine/Village.php:395 | uid=0 | page=/maintenance.php
[2026-08-21 13:45:01] WARNING: Trying to access array offset on null in /var/www/html/GameEngine/Village.php:396 | uid=0 | page=/maintenance.php
[2026-08-21 13:45:01] WARNING: Trying to access array offset on null in /var/www/html/GameEngine/Village.php:395 | uid=0 | page=/maintenance.php
[2026-08-21 13:45:01] WARNING: Trying to access array offset on null in /var/www/html/GameEngine/Village.php:396 | uid=0 | page=/maintenance.php
[2026-08-21 13:45:01] WARNING: Trying to access array offset on null in /var/www/html/GameEngine/Village.php:395 | uid=0 | page=/maintenance.php
[2026-08-21 13:45:01] WARNING: Trying to access array offset on null in /var/www/html/GameEngine/Village.php:396 | uid=0 | page=/maintenance.php
[2026-08-21 13:45:01] WARNING: Trying to access array offset on null in /var/www/html/GameEngine/Village.php:395 | uid=0 | page=/maintenance.php
[2026-08-21 13:45:01] WARNING: Trying to access array offset on null in /var/www/html/GameEngine/Village.php:396 | uid=0 | page=/maintenance.php
[2026-08-21 13:45:01] WARNING: Trying to access array offset on null in /var/www/html/GameEngine/Village.php:395 | uid=0 | page=/maintenance.php
[2026-08-21 13:45:01] WARNING: Trying to access array offset on null in /var/www/html/GameEngine/Village.php:396 | uid=0 | page=/maintenance.php
[2026-08-21 13:45:01] WARNING: Trying to access array offset on null in /var/www/html/GameEngine/Village.php:395 | uid=0 | page=/maintenance.php
[2026-08-21 13:45:01] WARNING: Trying to access array offset on null in /var/www/html/GameEngine/Village.php:396 | uid=0 | page=/maintenance.php
[2026-08-21 13:45:01] WARNING: Trying to access array offset on null in /var/www/html/GameEngine/Village.php:395 | uid=0 | page=/maintenance.php
[2026-08-21 13:45:01] WARNING: Trying to access array offset on null in /var/www/html/GameEngine/Village.php:396 | uid=0 | page=/maintenance.php
[2026-08-21 13:45:01] WARNING: Trying to access array offset on null in /var/www/html/GameEngine/Village.php:395 | uid=0 | page=/maintenance.php
[2026-08-21 13:45:01] WARNING: Trying to access array offset on null in /var/www/html/GameEngine/Village.php:396 | uid=0 | page=/maintenance.php
[2026-08-21 13:45:01] WARNING: Trying to access array offset on null in /var/www/html/GameEngine/Village.php:395 | uid=0 | page=/maintenance.php
[2026-08-21 13:45:01] WARNING: Trying to access array offset on null in /var/www/html/GameEngine/Village.php:396 | uid=0 | page=/maintenance.php
[2026-08-21 13:45:01] WARNING: Trying to access array offset on null in /var/www/html/GameEngine/Village.php:395 | uid=0 | page=/maintenance.php
[2026-08-21 13:45:01] WARNING: Trying to access array offset on null in /var/www/html/GameEngine/Village.php:396 | uid=0 | page=/maintenance.php
[2026-08-21 13:45:01] WARNING: Trying to access array offset on null in /var/www/html/GameEngine/Village.php:395 | uid=0 | page=/maintenance.php
[2026-08-21 13:45:01] WARNING: Trying to access array offset on null in /var/www/html/GameEngine/Village.php:396 | uid=0 | page=/maintenance.php
[2026-08-21 13:45:01] WARNING: Trying to access array offset on null in /var/www/html/GameEngine/Village.php:395 | uid=0 | page=/maintenance.php
[2026-08-21 13:45:01] WARNING: Trying to access array offset on null in /var/www/html/GameEngine/Village.php:396 | uid=0 | page=/maintenance.php
[2026-08-21 13:45:01] WARNING: Trying to access array offset on null in /var/www/html/GameEngine/Village.php:395 | uid=0 | page=/maintenance.php
[2026-08-21 13:45:01] WARNING: Trying to access array offset on null in /var/www/html/GameEngine/Village.php:396 | uid=0 | page=/maintenance.php
[2026-08-21 13:45:01] WARNING: Trying to access array offset on null in /var/www/html/GameEngine/Village.php:395 | uid=0 | page=/maintenance.php
[2026-08-21 13:45:01] WARNING: Trying to access array offset on null in /var/www/html/GameEngine/Village.php:396 | uid=0 | page=/maintenance.php
[2026-08-21 13:45:01] WARNING: Trying to access array offset on null in /var/www/html/GameEngine/Village.php:395 | uid=0 | page=/maintenance.php
[2026-08-21 13:45:01] WARNING: Trying to access array offset on null in /var/www/html/GameEngine/Village.php:396 | uid=0 | page=/maintenance.php
[2026-08-21 13:45:01] WARNING: Trying to access array offset on null in /var/www/html/GameEngine/Village.php:211 | uid=0 | page=/maintenance.php
[2026-08-21 13:45:01] WARNING: Trying to access array offset on null in /var/www/html/GameEngine/Village.php:247 | uid=0 | page=/maintenance.php
[2026-08-21 13:45:01] WARNING: Undefined variable $message in /var/www/html/Templates/header.tpl:57 | uid=0 | page=/maintenance.php
[2026-08-21 13:45:01] WARNING: Attempt to read property "unread" on null in /var/www/html/Templates/header.tpl:57 | uid=0 | page=/maintenance.php
[2026-08-21 13:45:01] WARNING: Undefined variable $message in /var/www/html/Templates/header.tpl:61 | uid=0 | page=/maintenance.php
[2026-08-21 13:45:01] WARNING: Attempt to read property "unread" on null in /var/www/html/Templates/header.tpl:61 | uid=0 | page=/maintenance.php
[2026-08-21 13:45:01] WARNING: Undefined variable $message in /var/www/html/Templates/header.tpl:61 | uid=0 | page=/maintenance.php
[2026-08-21 13:45:01] WARNING: Attempt to read property "nunread" on null in /var/www/html/Templates/header.tpl:61 | uid=0 | page=/maintenance.php
[2026-08-21 13:45:01] WARNING: Undefined variable $message in /var/www/html/Templates/header.tpl:65 | uid=0 | page=/maintenance.php
[2026-08-21 13:45:01] WARNING: Attempt to read property "unread" on null in /var/www/html/Templates/header.tpl:65 | uid=0 | page=/maintenance.php
[2026-08-21 13:45:03] WARNING: Undefined array key 0 in /var/www/html/GameEngine/Village.php:102 | uid=0 | page=/maintenance.php
[2026-08-21 13:45:03] WARNING: Undefined array key 0 in /var/www/html/GameEngine/Database/DatabaseVillageQueries.php:617 | uid=0 | page=/maintenance.php
[2026-08-21 13:45:03] WARNING: Trying to access array offset on null in /var/www/html/GameEngine/Village.php:164 | uid=0 | page=/maintenance.php
[2026-08-21 13:45:03] WARNING: Undefined array key "fieldtype" in /var/www/html/GameEngine/Database/DatabaseVillageQueries.php:581 | uid=0 | page=/maintenance.php
[2026-08-21 13:45:03] WARNING: Undefined array key 0 in /var/www/html/GameEngine/Database/DatabaseTroopQueries.php:403 | uid=0 | page=/maintenance.php
[2026-08-21 13:45:03] WARNING: Trying to access array offset on null in /var/www/html/GameEngine/Village.php:189 | uid=0 | page=/maintenance.php
[2026-08-21 13:45:03] WARNING: Trying to access array offset on null in /var/www/html/GameEngine/Village.php:190 | uid=0 | page=/maintenance.php
[2026-08-21 13:45:03] WARNING: Trying to access array offset on null in /var/www/html/GameEngine/Village.php:191 | uid=0 | page=/maintenance.php
[2026-08-21 13:45:03] WARNING: Trying to access array offset on null in /var/www/html/GameEngine/Village.php:192 | uid=0 | page=/maintenance.php
[2026-08-21 13:45:03] WARNING: Trying to access array offset on null in /var/www/html/GameEngine/Village.php:197 | uid=0 | page=/maintenance.php
[2026-08-21 13:45:03] WARNING: Trying to access array offset on null in /var/www/html/GameEngine/Village.php:199 | uid=0 | page=/maintenance.php
[2026-08-21 13:45:03] WARNING: Trying to access array offset on null in /var/www/html/GameEngine/Village.php:200 | uid=0 | page=/maintenance.php
[2026-08-21 13:45:03] WARNING: Trying to access array offset on null in /var/www/html/GameEngine/Village.php:201 | uid=0 | page=/maintenance.php
[2026-08-21 13:45:03] WARNING: Trying to access array offset on null in /var/www/html/GameEngine/Village.php:202 | uid=0 | page=/maintenance.php
[2026-08-21 13:45:03] WARNING: Trying to access array offset on null in /var/www/html/GameEngine/Village.php:206 | uid=0 | page=/maintenance.php
[2026-08-21 13:45:03] WARNING: Trying to access array offset on null in /var/www/html/GameEngine/Village.php:207 | uid=0 | page=/maintenance.php
[2026-08-21 13:45:03] WARNING: Trying to access array offset on null in /var/www/html/GameEngine/Village.php:208 | uid=0 | page=/maintenance.php
[2026-08-21 13:45:03] WARNING: Trying to access array offset on null in /var/www/html/GameEngine/Village.php:395 | uid=0 | page=/maintenance.php
[2026-08-21 13:45:03] WARNING: Trying to access array offset on null in /var/www/html/GameEngine/Village.php:396 | uid=0 | page=/maintenance.php
[2026-08-21 13:45:03] WARNING: Trying to access array offset on null in /var/www/html/GameEngine/Village.php:395 | uid=0 | page=/maintenance.php
[2026-08-21 13:45:03] WARNING: Trying to access array offset on null in /var/www/html/GameEngine/Village.php:396 | uid=0 | page=/maintenance.php
[2026-08-21 13:45:03] WARNING: Trying to access array offset on null in /var/www/html/GameEngine/Village.php:395 | uid=0 | page=/maintenance.php
[2026-08-21 13:45:03] WARNING: Trying to access array offset on null in /var/www/html/GameEngine/Village.php:396 | uid=0 | page=/maintenance.php
[2026-08-21 13:45:03] WARNING: Trying to access array offset on null in /var/www/html/GameEngine/Village.php:395 | uid=0 | page=/maintenance.php
[2026-08-21 13:45:03] WARNING: Trying to access array offset on null in /var/www/html/GameEngine/Village.php:396 | uid=0 | page=/maintenance.php
[2026-08-21 13:45:03] WARNING: Trying to access array offset on null in /var/www/html/GameEngine/Village.php:395 | uid=0 | page=/maintenance.php
[2026-08-21 13:45:03] WARNING: Trying to access array offset on null in /var/www/html/GameEngine/Village.php:396 | uid=0 | page=/maintenance.php
[2026-08-21 13:45:03] WARNING: Trying to access array offset on null in /var/www/html/GameEngine/Village.php:395 | uid=0 | page=/maintenance.php
[2026-08-21 13:45:03] WARNING: Trying to access array offset on null in /var/www/html/GameEngine/Village.php:396 | uid=0 | page=/maintenance.php
[2026-08-21 13:45:03] WARNING: Trying to access array offset on null in /var/www/html/GameEngine/Village.php:395 | uid=0 | page=/maintenance.php
[2026-08-21 13:45:03] WARNING: Trying to access array offset on null in /var/www/html/GameEngine/Village.php:396 | uid=0 | page=/maintenance.php
[2026-08-21 13:45:03] WARNING: Trying to access array offset on null in /var/www/html/GameEngine/Village.php:395 | uid=0 | page=/maintenance.php
[2026-08-21 13:45:03] WARNING: Trying to access array offset on null in /var/www/html/GameEngine/Village.php:396 | uid=0 | page=/maintenance.php
[2026-08-21 13:45:03] WARNING: Trying to access array offset on null in /var/www/html/GameEngine/Village.php:395 | uid=0 | page=/maintenance.php
[2026-08-21 13:45:03] WARNING: Trying to access array offset on null in /var/www/html/GameEngine/Village.php:396 | uid=0 | page=/maintenance.php
[2026-08-21 13:45:03] WARNING: Trying to access array offset on null in /var/www/html/GameEngine/Village.php:395 | uid=0 | page=/maintenance.php
[2026-08-21 13:45:03] WARNING: Trying to access array offset on null in /var/www/html/GameEngine/Village.php:396 | uid=0 | page=/maintenance.php
[2026-08-21 13:45:03] WARNING: Trying to access array offset on null in /var/www/html/GameEngine/Village.php:395 | uid=0 | page=/maintenance.php
[2026-08-21 13:45:03] WARNING: Trying to access array offset on null in /var/www/html/GameEngine/Village.php:396 | uid=0 | page=/maintenance.php
[2026-08-21 13:45:03] WARNING: Trying to access array offset on null in /var/www/html/GameEngine/Village.php:395 | uid=0 | page=/maintenance.php
[2026-08-21 13:45:03] WARNING: Trying to access array offset on null in /var/www/html/GameEngine/Village.php:396 | uid=0 | page=/maintenance.php
[2026-08-21 13:45:03] WARNING: Trying to access array offset on null in /var/www/html/GameEngine/Village.php:395 | uid=0 | page=/maintenance.php
[2026-08-21 13:45:03] WARNING: Trying to access array offset on null in /var/www/html/GameEngine/Village.php:396 | uid=0 | page=/maintenance.php
[2026-08-21 13:45:03] WARNING: Trying to access array offset on null in /var/www/html/GameEngine/Village.php:395 | uid=0 | page=/maintenance.php
[2026-08-21 13:45:03] WARNING: Trying to access array offset on null in /var/www/html/GameEngine/Village.php:396 | uid=0 | page=/maintenance.php
[2026-08-21 13:45:03] WARNING: Trying to access array offset on null in /var/www/html/GameEngine/Village.php:395 | uid=0 | page=/maintenance.php
[2026-08-21 13:45:03] WARNING: Trying to access array offset on null in /var/www/html/GameEngine/Village.php:396 | uid=0 | page=/maintenance.php
[2026-08-21 13:45:03] WARNING: Trying to access array offset on null in /var/www/html/GameEngine/Village.php:395 | uid=0 | page=/maintenance.php
[2026-08-21 13:45:03] WARNING: Trying to access array offset on null in /var/www/html/GameEngine/Village.php:396 | uid=0 | page=/maintenance.php
[2026-08-21 13:45:03] WARNING: Trying to access array offset on null in /var/www/html/GameEngine/Village.php:395 | uid=0 | page=/maintenance.php
[2026-08-21 13:45:03] WARNING: Trying to access array offset on null in /var/www/html/GameEngine/Village.php:396 | uid=0 | page=/maintenance.php
[2026-08-21 13:45:03] WARNING: Trying to access array offset on null in /var/www/html/GameEngine/Village.php:395 | uid=0 | page=/maintenance.php
[2026-08-21 13:45:03] WARNING: Trying to access array offset on null in /var/www/html/GameEngine/Village.php:396 | uid=0 | page=/maintenance.php
[2026-08-21 13:45:03] WARNING: Trying to access array offset on null in /var/www/html/GameEngine/Village.php:395 | uid=0 | page=/maintenance.php
[2026-08-21 13:45:03] WARNING: Trying to access array offset on null in /var/www/html/GameEngine/Village.php:396 | uid=0 | page=/maintenance.php
[2026-08-21 13:45:03] WARNING: Trying to access array offset on null in /var/www/html/GameEngine/Village.php:395 | uid=0 | page=/maintenance.php
[2026-08-21 13:45:03] WARNING: Trying to access array offset on null in /var/www/html/GameEngine/Village.php:396 | uid=0 | page=/maintenance.php
[2026-08-21 13:45:03] WARNING: Trying to access array offset on null in /var/www/html/GameEngine/Village.php:395 | uid=0 | page=/maintenance.php
[2026-08-21 13:45:03] WARNING: Trying to access array offset on null in /var/www/html/GameEngine/Village.php:396 | uid=0 | page=/maintenance.php
[2026-08-21 13:45:03] WARNING: Trying to access array offset on null in /var/www/html/GameEngine/Village.php:395 | uid=0 | page=/maintenance.php
[2026-08-21 13:45:03] WARNING: Trying to access array offset on null in /var/www/html/GameEngine/Village.php:396 | uid=0 | page=/maintenance.php
[2026-08-21 13:45:03] WARNING: Trying to access array offset on null in /var/www/html/GameEngine/Village.php:395 | uid=0 | page=/maintenance.php
[2026-08-21 13:45:04] WARNING: Trying to access array offset on null in /var/www/html/GameEngine/Village.php:396 | uid=0 | page=/maintenance.php
[2026-08-21 13:45:04] WARNING: Trying to access array offset on null in /var/www/html/GameEngine/Village.php:395 | uid=0 | page=/maintenance.php
[2026-08-21 13:45:04] WARNING: Trying to access array offset on null in /var/www/html/GameEngine/Village.php:396 | uid=0 | page=/maintenance.php
[2026-08-21 13:45:04] WARNING: Trying to access array offset on null in /var/www/html/GameEngine/Village.php:395 | uid=0 | page=/maintenance.php
[2026-08-21 13:45:04] WARNING: Trying to access array offset on null in /var/www/html/GameEngine/Village.php:396 | uid=0 | page=/maintenance.php
[2026-08-21 13:45:04] WARNING: Trying to access array offset on null in /var/www/html/GameEngine/Village.php:395 | uid=0 | page=/maintenance.php
[2026-08-21 13:45:04] WARNING: Trying to access array offset on null in /var/www/html/GameEngine/Village.php:396 | uid=0 | page=/maintenance.php
[2026-08-21 13:45:04] WARNING: Trying to access array offset on null in /var/www/html/GameEngine/Village.php:395 | uid=0 | page=/maintenance.php
[2026-08-21 13:45:04] WARNING: Trying to access array offset on null in /var/www/html/GameEngine/Village.php:396 | uid=0 | page=/maintenance.php
[2026-08-21 13:45:04] WARNING: Trying to access array offset on null in /var/www/html/GameEngine/Village.php:395 | uid=0 | page=/maintenance.php
[2026-08-21 13:45:04] WARNING: Trying to access array offset on null in /var/www/html/GameEngine/Village.php:396 | uid=0 | page=/maintenance.php
[2026-08-21 13:45:04] WARNING: Trying to access array offset on null in /var/www/html/GameEngine/Village.php:395 | uid=0 | page=/maintenance.php
[2026-08-21 13:45:04] WARNING: Trying to access array offset on null in /var/www/html/GameEngine/Village.php:396 | uid=0 | page=/maintenance.php
[2026-08-21 13:45:04] WARNING: Trying to access array offset on null in /var/www/html/GameEngine/Village.php:395 | uid=0 | page=/maintenance.php
[2026-08-21 13:45:04] WARNING: Trying to access array offset on null in /var/www/html/GameEngine/Village.php:396 | uid=0 | page=/maintenance.php
[2026-08-21 13:45:04] WARNING: Trying to access array offset on null in /var/www/html/GameEngine/Village.php:395 | uid=0 | page=/maintenance.php
[2026-08-21 13:45:04] WARNING: Trying to access array offset on null in /var/www/html/GameEngine/Village.php:396 | uid=0 | page=/maintenance.php
[2026-08-21 13:45:04] WARNING: Trying to access array offset on null in /var/www/html/GameEngine/Village.php:395 | uid=0 | page=/maintenance.php
[2026-08-21 13:45:04] WARNING: Trying to access array offset on null in /var/www/html/GameEngine/Village.php:396 | uid=0 | page=/maintenance.php
[2026-08-21 13:45:04] WARNING: Trying to access array offset on null in /var/www/html/GameEngine/Village.php:395 | uid=0 | page=/maintenance.php
[2026-08-21 13:45:04] WARNING: Trying to access array offset on null in /var/www/html/GameEngine/Village.php:396 | uid=0 | page=/maintenance.php
[2026-08-21 13:45:04] WARNING: Trying to access array offset on null in /var/www/html/GameEngine/Village.php:395 | uid=0 | page=/maintenance.php
[2026-08-21 13:45:04] WARNING: Trying to access array offset on null in /var/www/html/GameEngine/Village.php:396 | uid=0 | page=/maintenance.php
[2026-08-21 13:45:04] WARNING: Trying to access array offset on null in /var/www/html/GameEngine/Village.php:395 | uid=0 | page=/maintenance.php
[2026-08-21 13:45:04] WARNING: Trying to access array offset on null in /var/www/html/GameEngine/Village.php:396 | uid=0 | page=/maintenance.php
[2026-08-21 13:45:04] WARNING: Trying to access array offset on null in /var/www/html/GameEngine/Village.php:395 | uid=0 | page=/maintenance.php
[2026-08-21 13:45:04] WARNING: Trying to access array offset on null in /var/www/html/GameEngine/Village.php:396 | uid=0 | page=/maintenance.php
[2026-08-21 13:45:04] WARNING: Trying to access array offset on null in /var/www/html/GameEngine/Village.php:395 | uid=0 | page=/maintenance.php
[2026-08-21 13:45:04] WARNING: Trying to access array offset on null in /var/www/html/GameEngine/Village.php:396 | uid=0 | page=/maintenance.php
[2026-08-21 13:45:04] WARNING: Trying to access array offset on null in /var/www/html/GameEngine/Village.php:395 | uid=0 | page=/maintenance.php
[2026-08-21 13:45:04] WARNING: Trying to access array offset on null in /var/www/html/GameEngine/Village.php:396 | uid=0 | page=/maintenance.php
[2026-08-21 13:45:04] WARNING: Trying to access array offset on null in /var/www/html/GameEngine/Village.php:211 | uid=0 | page=/maintenance.php
[2026-08-21 13:45:04] WARNING: Trying to access array offset on null in /var/www/html/GameEngine/Village.php:247 | uid=0 | page=/maintenance.php
[2026-08-21 13:45:04] WARNING: Undefined variable $message in /var/www/html/Templates/header.tpl:57 | uid=0 | page=/maintenance.php
[2026-08-21 13:45:04] WARNING: Attempt to read property "unread" on null in /var/www/html/Templates/header.tpl:57 | uid=0 | page=/maintenance.php
[2026-08-21 13:45:04] WARNING: Undefined variable $message in /var/www/html/Templates/header.tpl:61 | uid=0 | page=/maintenance.php
[2026-08-21 13:45:04] WARNING: Attempt to read property "unread" on null in /var/www/html/Templates/header.tpl:61 | uid=0 | page=/maintenance.php
[2026-08-21 13:45:04] WARNING: Undefined variable $message in /var/www/html/Templates/header.tpl:61 | uid=0 | page=/maintenance.php
[2026-08-21 13:45:04] WARNING: Attempt to read property "nunread" on null in /var/www/html/Templates/header.tpl:61 | uid=0 | page=/maintenance.php
[2026-08-21 13:45:04] WARNING: Undefined variable $message in /var/www/html/Templates/header.tpl:65 | uid=0 | page=/maintenance.php
[2026-08-21 13:45:04] WARNING: Attempt to read property "unread" on null in /var/www/html/Templates/header.tpl:65 | uid=0 | page=/maintenance.php
[2026-08-21 13:45:08] WARNING: Undefined array key 0 in /var/www/html/GameEngine/Village.php:102 | uid=0 | page=/maintenance.php
[2026-08-21 13:45:08] WARNING: Undefined array key 0 in /var/www/html/GameEngine/Database/DatabaseVillageQueries.php:617 | uid=0 | page=/maintenance.php
[2026-08-21 13:45:08] WARNING: Trying to access array offset on null in /var/www/html/GameEngine/Village.php:164 | uid=0 | page=/maintenance.php
[2026-08-21 13:45:08] WARNING: Undefined array key "fieldtype" in /var/www/html/GameEngine/Database/DatabaseVillageQueries.php:581 | uid=0 | page=/maintenance.php
[2026-08-21 13:45:08] WARNING: Undefined array key 0 in /var/www/html/GameEngine/Database/DatabaseTroopQueries.php:403 | uid=0 | page=/maintenance.php
[2026-08-21 13:45:08] WARNING: Trying to access array offset on null in /var/www/html/GameEngine/Village.php:189 | uid=0 | page=/maintenance.php
[2026-08-21 13:45:08] WARNING: Trying to access array offset on null in /var/www/html/GameEngine/Village.php:190 | uid=0 | page=/maintenance.php
[2026-08-21 13:45:08] WARNING: Trying to access array offset on null in /var/www/html/GameEngine/Village.php:191 | uid=0 | page=/maintenance.php
[2026-08-21 13:45:08] WARNING: Trying to access array offset on null in /var/www/html/GameEngine/Village.php:192 | uid=0 | page=/maintenance.php
[2026-08-21 13:45:08] WARNING: Trying to access array offset on null in /var/www/html/GameEngine/Village.php:197 | uid=0 | page=/maintenance.php
[2026-08-21 13:45:08] WARNING: Trying to access array offset on null in /var/www/html/GameEngine/Village.php:199 | uid=0 | page=/maintenance.php
[2026-08-21 13:45:08] WARNING: Trying to access array offset on null in /var/www/html/GameEngine/Village.php:200 | uid=0 | page=/maintenance.php
[2026-08-21 13:45:08] WARNING: Trying to access array offset on null in /var/www/html/GameEngine/Village.php:201 | uid=0 | page=/maintenance.php
[2026-08-21 13:45:08] WARNING: Trying to access array offset on null in /var/www/html/GameEngine/Village.php:202 | uid=0 | page=/maintenance.php
[2026-08-21 13:45:08] WARNING: Trying to access array offset on null in /var/www/html/GameEngine/Village.php:206 | uid=0 | page=/maintenance.php
[2026-08-21 13:45:08] WARNING: Trying to access array offset on null in /var/www/html/GameEngine/Village.php:207 | uid=0 | page=/maintenance.php
[2026-08-21 13:45:08] WARNING: Trying to access array offset on null in /var/www/html/GameEngine/Village.php:208 | uid=0 | page=/maintenance.php
[2026-08-21 13:45:08] WARNING: Trying to access array offset on null in /var/www/html/GameEngine/Village.php:395 | uid=0 | page=/maintenance.php
[2026-08-21 13:45:08] WARNING: Trying to access array offset on null in /var/www/html/GameEngine/Village.php:396 | uid=0 | page=/maintenance.php
[2026-08-21 13:45:08] WARNING: Trying to access array offset on null in /var/www/html/GameEngine/Village.php:395 | uid=0 | page=/maintenance.php
[2026-08-21 13:45:08] WARNING: Trying to access array offset on null in /var/www/html/GameEngine/Village.php:396 | uid=0 | page=/maintenance.php
[2026-08-21 13:45:08] WARNING: Trying to access array offset on null in /var/www/html/GameEngine/Village.php:395 | uid=0 | page=/maintenance.php
[2026-08-21 13:45:08] WARNING: Trying to access array offset on null in /var/www/html/GameEngine/Village.php:396 | uid=0 | page=/maintenance.php
[2026-08-21 13:45:08] WARNING: Trying to access array offset on null in /var/www/html/GameEngine/Village.php:395 | uid=0 | page=/maintenance.php
[2026-08-21 13:45:08] WARNING: Trying to access array offset on null in /var/www/html/GameEngine/Village.php:396 | uid=0 | page=/maintenance.php
[2026-08-21 13:45:08] WARNING: Trying to access array offset on null in /var/www/html/GameEngine/Village.php:395 | uid=0 | page=/maintenance.php
[2026-08-21 13:45:08] WARNING: Trying to access array offset on null in /var/www/html/GameEngine/Village.php:396 | uid=0 | page=/maintenance.php
[2026-08-21 13:45:08] WARNING: Trying to access array offset on null in /var/www/html/GameEngine/Village.php:395 | uid=0 | page=/maintenance.php
[2026-08-21 13:45:08] WARNING: Trying to access array offset on null in /var/www/html/GameEngine/Village.php:396 | uid=0 | page=/maintenance.php
[2026-08-21 13:45:08] WARNING: Trying to access array offset on null in /var/www/html/GameEngine/Village.php:395 | uid=0 | page=/maintenance.php
[2026-08-21 13:45:08] WARNING: Trying to access array offset on null in /var/www/html/GameEngine/Village.php:396 | uid=0 | page=/maintenance.php
[2026-08-21 13:45:08] WARNING: Trying to access array offset on null in /var/www/html/GameEngine/Village.php:395 | uid=0 | page=/maintenance.php
[2026-08-21 13:45:08] WARNING: Trying to access array offset on null in /var/www/html/GameEngine/Village.php:396 | uid=0 | page=/maintenance.php
[2026-08-21 13:45:08] WARNING: Trying to access array offset on null in /var/www/html/GameEngine/Village.php:395 | uid=0 | page=/maintenance.php
[2026-08-21 13:45:08] WARNING: Trying to access array offset on null in /var/www/html/GameEngine/Village.php:396 | uid=0 | page=/maintenance.php
[2026-08-21 13:45:08] WARNING: Trying to access array offset on null in /var/www/html/GameEngine/Village.php:395 | uid=0 | page=/maintenance.php
[2026-08-21 13:45:08] WARNING: Trying to access array offset on null in /var/www/html/GameEngine/Village.php:396 | uid=0 | page=/maintenance.php
[2026-08-21 13:45:08] WARNING: Trying to access array offset on null in /var/www/html/GameEngine/Village.php:395 | uid=0 | page=/maintenance.php
[2026-08-21 13:45:08] WARNING: Trying to access array offset on null in /var/www/html/GameEngine/Village.php:396 | uid=0 | page=/maintenance.php
[2026-08-21 13:45:08] WARNING: Trying to access array offset on null in /var/www/html/GameEngine/Village.php:395 | uid=0 | page=/maintenance.php
[2026-08-21 13:45:08] WARNING: Trying to access array offset on null in /var/www/html/GameEngine/Village.php:396 | uid=0 | page=/maintenance.php
[2026-08-21 13:45:08] WARNING: Trying to access array offset on null in /var/www/html/GameEngine/Village.php:395 | uid=0 | page=/maintenance.php
[2026-08-21 13:45:08] WARNING: Trying to access array offset on null in /var/www/html/GameEngine/Village.php:396 | uid=0 | page=/maintenance.php
[2026-08-21 13:45:08] WARNING: Trying to access array offset on null in /var/www/html/GameEngine/Village.php:395 | uid=0 | page=/maintenance.php
[2026-08-21 13:45:08] WARNING: Trying to access array offset on null in /var/www/html/GameEngine/Village.php:396 | uid=0 | page=/maintenance.php
[2026-08-21 13:45:08] WARNING: Trying to access array offset on null in /var/www/html/GameEngine/Village.php:395 | uid=0 | page=/maintenance.php
[2026-08-21 13:45:08] WARNING: Trying to access array offset on null in /var/www/html/GameEngine/Village.php:396 | uid=0 | page=/maintenance.php
[2026-08-21 13:45:08] WARNING: Trying to access array offset on null in /var/www/html/GameEngine/Village.php:395 | uid=0 | page=/maintenance.php
[2026-08-21 13:45:08] WARNING: Trying to access array offset on null in /var/www/html/GameEngine/Village.php:396 | uid=0 | page=/maintenance.php
[2026-08-21 13:45:08] WARNING: Trying to access array offset on null in /var/www/html/GameEngine/Village.php:395 | uid=0 | page=/maintenance.php
[2026-08-21 13:45:08] WARNING: Trying to access array offset on null in /var/www/html/GameEngine/Village.php:396 | uid=0 | page=/maintenance.php
[2026-08-21 13:45:08] WARNING: Trying to access array offset on null in /var/www/html/GameEngine/Village.php:395 | uid=0 | page=/maintenance.php
[2026-08-21 13:45:08] WARNING: Trying to access array offset on null in /var/www/html/GameEngine/Village.php:396 | uid=0 | page=/maintenance.php
[2026-08-21 13:45:08] WARNING: Trying to access array offset on null in /var/www/html/GameEngine/Village.php:395 | uid=0 | page=/maintenance.php
[2026-08-21 13:45:08] WARNING: Trying to access array offset on null in /var/www/html/GameEngine/Village.php:396 | uid=0 | page=/maintenance.php
[2026-08-21 13:45:08] WARNING: Trying to access array offset on null in /var/www/html/GameEngine/Village.php:395 | uid=0 | page=/maintenance.php
[2026-08-21 13:45:08] WARNING: Trying to access array offset on null in /var/www/html/GameEngine/Village.php:396 | uid=0 | page=/maintenance.php
[2026-08-21 13:45:08] WARNING: Trying to access array offset on null in /var/www/html/GameEngine/Village.php:395 | uid=0 | page=/maintenance.php
[2026-08-21 13:45:08] WARNING: Trying to access array offset on null in /var/www/html/GameEngine/Village.php:396 | uid=0 | page=/maintenance.php
[2026-08-21 13:45:08] WARNING: Trying to access array offset on null in /var/www/html/GameEngine/Village.php:395 | uid=0 | page=/maintenance.php
[2026-08-21 13:45:08] WARNING: Trying to access array offset on null in /var/www/html/GameEngine/Village.php:396 | uid=0 | page=/maintenance.php
[2026-08-21 13:45:08] WARNING: Trying to access array offset on null in /var/www/html/GameEngine/Village.php:395 | uid=0 | page=/maintenance.php
[2026-08-21 13:45:08] WARNING: Trying to access array offset on null in /var/www/html/GameEngine/Village.php:396 | uid=0 | page=/maintenance.php
[2026-08-21 13:45:08] WARNING: Trying to access array offset on null in /var/www/html/GameEngine/Village.php:395 | uid=0 | page=/maintenance.php
[2026-08-21 13:45:08] WARNING: Trying to access array offset on null in /var/www/html/GameEngine/Village.php:396 | uid=0 | page=/maintenance.php
[2026-08-21 13:45:08] WARNING: Trying to access array offset on null in /var/www/html/GameEngine/Village.php:395 | uid=0 | page=/maintenance.php
[2026-08-21 13:45:08] WARNING: Trying to access array offset on null in /var/www/html/GameEngine/Village.php:396 | uid=0 | page=/maintenance.php
[2026-08-21 13:45:08] WARNING: Trying to access array offset on null in /var/www/html/GameEngine/Village.php:395 | uid=0 | page=/maintenance.php
[2026-08-21 13:45:08] WARNING: Trying to access array offset on null in /var/www/html/GameEngine/Village.php:396 | uid=0 | page=/maintenance.php
[2026-08-21 13:45:08] WARNING: Trying to access array offset on null in /var/www/html/GameEngine/Village.php:395 | uid=0 | page=/maintenance.php
[2026-08-21 13:45:08] WARNING: Trying to access array offset on null in /var/www/html/GameEngine/Village.php:396 | uid=0 | page=/maintenance.php
[2026-08-21 13:45:08] WARNING: Trying to access array offset on null in /var/www/html/GameEngine/Village.php:395 | uid=0 | page=/maintenance.php
[2026-08-21 13:45:08] WARNING: Trying to access array offset on null in /var/www/html/GameEngine/Village.php:396 | uid=0 | page=/maintenance.php
[2026-08-21 13:45:08] WARNING: Trying to access array offset on null in /var/www/html/GameEngine/Village.php:395 | uid=0 | page=/maintenance.php
[2026-08-21 13:45:08] WARNING: Trying to access array offset on null in /var/www/html/GameEngine/Village.php:396 | uid=0 | page=/maintenance.php
[2026-08-21 13:45:08] WARNING: Trying to access array offset on null in /var/www/html/GameEngine/Village.php:395 | uid=0 | page=/maintenance.php
[2026-08-21 13:45:08] WARNING: Trying to access array offset on null in /var/www/html/GameEngine/Village.php:396 | uid=0 | page=/maintenance.php
[2026-08-21 13:45:08] WARNING: Trying to access array offset on null in /var/www/html/GameEngine/Village.php:395 | uid=0 | page=/maintenance.php
[2026-08-21 13:45:08] WARNING: Trying to access array offset on null in /var/www/html/GameEngine/Village.php:396 | uid=0 | page=/maintenance.php
[2026-08-21 13:45:08] WARNING: Trying to access array offset on null in /var/www/html/GameEngine/Village.php:395 | uid=0 | page=/maintenance.php
[2026-08-21 13:45:08] WARNING: Trying to access array offset on null in /var/www/html/GameEngine/Village.php:396 | uid=0 | page=/maintenance.php
[2026-08-21 13:45:08] WARNING: Trying to access array offset on null in /var/www/html/GameEngine/Village.php:395 | uid=0 | page=/maintenance.php
[2026-08-21 13:45:08] WARNING: Trying to access array offset on null in /var/www/html/GameEngine/Village.php:396 | uid=0 | page=/maintenance.php
[2026-08-21 13:45:08] WARNING: Trying to access array offset on null in /var/www/html/GameEngine/Village.php:395 | uid=0 | page=/maintenance.php
[2026-08-21 13:45:08] WARNING: Trying to access array offset on null in /var/www/html/GameEngine/Village.php:396 | uid=0 | page=/maintenance.php
[2026-08-21 13:45:08] WARNING: Trying to access array offset on null in /var/www/html/GameEngine/Village.php:395 | uid=0 | page=/maintenance.php
[2026-08-21 13:45:08] WARNING: Trying to access array offset on null in /var/www/html/GameEngine/Village.php:396 | uid=0 | page=/maintenance.php
[2026-08-21 13:45:08] WARNING: Trying to access array offset on null in /var/www/html/GameEngine/Village.php:395 | uid=0 | page=/maintenance.php
[2026-08-21 13:45:08] WARNING: Trying to access array offset on null in /var/www/html/GameEngine/Village.php:396 | uid=0 | page=/maintenance.php
[2026-08-21 13:45:08] WARNING: Trying to access array offset on null in /var/www/html/GameEngine/Village.php:395 | uid=0 | page=/maintenance.php
[2026-08-21 13:45:08] WARNING: Trying to access array offset on null in /var/www/html/GameEngine/Village.php:396 | uid=0 | page=/maintenance.php
[2026-08-21 13:45:08] WARNING: Trying to access array offset on null in /var/www/html/GameEngine/Village.php:395 | uid=0 | page=/maintenance.php
[2026-08-21 13:45:08] WARNING: Trying to access array offset on null in /var/www/html/GameEngine/Village.php:396 | uid=0 | page=/maintenance.php
[2026-08-21 13:45:08] WARNING: Trying to access array offset on null in /var/www/html/GameEngine/Village.php:211 | uid=0 | page=/maintenance.php
[2026-08-21 13:45:08] WARNING: Trying to access array offset on null in /var/www/html/GameEngine/Village.php:247 | uid=0 | page=/maintenance.php
[2026-08-21 13:45:09] WARNING: Undefined variable $message in /var/www/html/Templates/header.tpl:57 | uid=0 | page=/maintenance.php
[2026-08-21 13:45:09] WARNING: Attempt to read property "unread" on null in /var/www/html/Templates/header.tpl:57 | uid=0 | page=/maintenance.php
[2026-08-21 13:45:09] WARNING: Undefined variable $message in /var/www/html/Templates/header.tpl:61 | uid=0 | page=/maintenance.php
[2026-08-21 13:45:09] WARNING: Attempt to read property "unread" on null in /var/www/html/Templates/header.tpl:61 | uid=0 | page=/maintenance.php
[2026-08-21 13:45:09] WARNING: Undefined variable $message in /var/www/html/Templates/header.tpl:61 | uid=0 | page=/maintenance.php
[2026-08-21 13:45:09] WARNING: Attempt to read property "nunread" on null in /var/www/html/Templates/header.tpl:61 | uid=0 | page=/maintenance.php
[2026-08-21 13:45:09] WARNING: Undefined variable $message in /var/www/html/Templates/header.tpl:65 | uid=0 | page=/maintenance.php
[2026-08-21 13:45:09] WARNING: Attempt to read property "unread" on null in /var/www/html/Templates/header.tpl:65 | uid=0 | page=/maintenance.php
[2026-08-21 13:47:05] WARNING: Undefined array key 0 in /var/www/html/GameEngine/Village.php:102 | uid=0 | page=/maintenance.php
[2026-08-21 13:47:05] WARNING: Undefined array key 0 in /var/www/html/GameEngine/Database/DatabaseVillageQueries.php:617 | uid=0 | page=/maintenance.php
[2026-08-21 13:47:05] WARNING: Trying to access array offset on null in /var/www/html/GameEngine/Village.php:164 | uid=0 | page=/maintenance.php
[2026-08-21 13:47:05] WARNING: Undefined array key "fieldtype" in /var/www/html/GameEngine/Database/DatabaseVillageQueries.php:581 | uid=0 | page=/maintenance.php
[2026-08-21 13:47:05] WARNING: Undefined array key 0 in /var/www/html/GameEngine/Database/DatabaseTroopQueries.php:403 | uid=0 | page=/maintenance.php
[2026-08-21 13:47:05] WARNING: Trying to access array offset on null in /var/www/html/GameEngine/Village.php:189 | uid=0 | page=/maintenance.php
[2026-08-21 13:47:05] WARNING: Trying to access array offset on null in /var/www/html/GameEngine/Village.php:190 | uid=0 | page=/maintenance.php
[2026-08-21 13:47:05] WARNING: Trying to access array offset on null in /var/www/html/GameEngine/Village.php:191 | uid=0 | page=/maintenance.php
[2026-08-21 13:47:05] WARNING: Trying to access array offset on null in /var/www/html/GameEngine/Village.php:192 | uid=0 | page=/maintenance.php
[2026-08-21 13:47:05] WARNING: Trying to access array offset on null in /var/www/html/GameEngine/Village.php:197 | uid=0 | page=/maintenance.php
[2026-08-21 13:47:05] WARNING: Trying to access array offset on null in /var/www/html/GameEngine/Village.php:199 | uid=0 | page=/maintenance.php
[2026-08-21 13:47:05] WARNING: Trying to access array offset on null in /var/www/html/GameEngine/Village.php:200 | uid=0 | page=/maintenance.php
[2026-08-21 13:47:05] WARNING: Trying to access array offset on null in /var/www/html/GameEngine/Village.php:201 | uid=0 | page=/maintenance.php
[2026-08-21 13:47:05] WARNING: Trying to access array offset on null in /var/www/html/GameEngine/Village.php:202 | uid=0 | page=/maintenance.php
[2026-08-21 13:47:05] WARNING: Trying to access array offset on null in /var/www/html/GameEngine/Village.php:206 | uid=0 | page=/maintenance.php
[2026-08-21 13:47:05] WARNING: Trying to access array offset on null in /var/www/html/GameEngine/Village.php:207 | uid=0 | page=/maintenance.php
[2026-08-21 13:47:05] WARNING: Trying to access array offset on null in /var/www/html/GameEngine/Village.php:208 | uid=0 | page=/maintenance.php
[2026-08-21 13:47:05] WARNING: Trying to access array offset on null in /var/www/html/GameEngine/Village.php:395 | uid=0 | page=/maintenance.php
[2026-08-21 13:47:05] WARNING: Trying to access array offset on null in /var/www/html/GameEngine/Village.php:396 | uid=0 | page=/maintenance.php
[2026-08-21 13:47:05] WARNING: Trying to access array offset on null in /var/www/html/GameEngine/Village.php:395 | uid=0 | page=/maintenance.php
[2026-08-21 13:47:05] WARNING: Trying to access array offset on null in /var/www/html/GameEngine/Village.php:396 | uid=0 | page=/maintenance.php
[2026-08-21 13:47:05] WARNING: Trying to access array offset on null in /var/www/html/GameEngine/Village.php:395 | uid=0 | page=/maintenance.php
[2026-08-21 13:47:05] WARNING: Trying to access array offset on null in /var/www/html/GameEngine/Village.php:396 | uid=0 | page=/maintenance.php
[2026-08-21 13:47:05] WARNING: Trying to access array offset on null in /var/www/html/GameEngine/Village.php:395 | uid=0 | page=/maintenance.php
[2026-08-21 13:47:05] WARNING: Trying to access array offset on null in /var/www/html/GameEngine/Village.php:396 | uid=0 | page=/maintenance.php
[2026-08-21 13:47:05] WARNING: Trying to access array offset on null in /var/www/html/GameEngine/Village.php:395 | uid=0 | page=/maintenance.php
[2026-08-21 13:47:05] WARNING: Trying to access array offset on null in /var/www/html/GameEngine/Village.php:396 | uid=0 | page=/maintenance.php
[2026-08-21 13:47:05] WARNING: Trying to access array offset on null in /var/www/html/GameEngine/Village.php:395 | uid=0 | page=/maintenance.php
[2026-08-21 13:47:05] WARNING: Trying to access array offset on null in /var/www/html/GameEngine/Village.php:396 | uid=0 | page=/maintenance.php
[2026-08-21 13:47:05] WARNING: Trying to access array offset on null in /var/www/html/GameEngine/Village.php:395 | uid=0 | page=/maintenance.php
[2026-08-21 13:47:05] WARNING: Trying to access array offset on null in /var/www/html/GameEngine/Village.php:396 | uid=0 | page=/maintenance.php
[2026-08-21 13:47:05] WARNING: Trying to access array offset on null in /var/www/html/GameEngine/Village.php:395 | uid=0 | page=/maintenance.php
[2026-08-21 13:47:05] WARNING: Trying to access array offset on null in /var/www/html/GameEngine/Village.php:396 | uid=0 | page=/maintenance.php
[2026-08-21 13:47:05] WARNING: Trying to access array offset on null in /var/www/html/GameEngine/Village.php:395 | uid=0 | page=/maintenance.php
[2026-08-21 13:47:05] WARNING: Trying to access array offset on null in /var/www/html/GameEngine/Village.php:396 | uid=0 | page=/maintenance.php
[2026-08-21 13:47:05] WARNING: Trying to access array offset on null in /var/www/html/GameEngine/Village.php:395 | uid=0 | page=/maintenance.php
[2026-08-21 13:47:05] WARNING: Trying to access array offset on null in /var/www/html/GameEngine/Village.php:396 | uid=0 | page=/maintenance.php
[2026-08-21 13:47:05] WARNING: Trying to access array offset on null in /var/www/html/GameEngine/Village.php:395 | uid=0 | page=/maintenance.php
[2026-08-21 13:47:05] WARNING: Trying to access array offset on null in /var/www/html/GameEngine/Village.php:396 | uid=0 | page=/maintenance.php
[2026-08-21 13:47:05] WARNING: Trying to access array offset on null in /var/www/html/GameEngine/Village.php:395 | uid=0 | page=/maintenance.php
[2026-08-21 13:47:05] WARNING: Trying to access array offset on null in /var/www/html/GameEngine/Village.php:396 | uid=0 | page=/maintenance.php
[2026-08-21 13:47:05] WARNING: Trying to access array offset on null in /var/www/html/GameEngine/Village.php:395 | uid=0 | page=/maintenance.php
[2026-08-21 13:47:05] WARNING: Trying to access array offset on null in /var/www/html/GameEngine/Village.php:396 | uid=0 | page=/maintenance.php
[2026-08-21 13:47:05] WARNING: Trying to access array offset on null in /var/www/html/GameEngine/Village.php:395 | uid=0 | page=/maintenance.php
[2026-08-21 13:47:05] WARNING: Trying to access array offset on null in /var/www/html/GameEngine/Village.php:396 | uid=0 | page=/maintenance.php
[2026-08-21 13:47:05] WARNING: Trying to access array offset on null in /var/www/html/GameEngine/Village.php:395 | uid=0 | page=/maintenance.php
[2026-08-21 13:47:05] WARNING: Trying to access array offset on null in /var/www/html/GameEngine/Village.php:396 | uid=0 | page=/maintenance.php
[2026-08-21 13:47:05] WARNING: Trying to access array offset on null in /var/www/html/GameEngine/Village.php:395 | uid=0 | page=/maintenance.php
[2026-08-21 13:47:05] WARNING: Trying to access array offset on null in /var/www/html/GameEngine/Village.php:396 | uid=0 | page=/maintenance.php
[2026-08-21 13:47:05] WARNING: Trying to access array offset on null in /var/www/html/GameEngine/Village.php:395 | uid=0 | page=/maintenance.php
[2026-08-21 13:47:05] WARNING: Trying to access array offset on null in /var/www/html/GameEngine/Village.php:396 | uid=0 | page=/maintenance.php
[2026-08-21 13:47:05] WARNING: Trying to access array offset on null in /var/www/html/GameEngine/Village.php:395 | uid=0 | page=/maintenance.php
[2026-08-21 13:47:05] WARNING: Trying to access array offset on null in /var/www/html/GameEngine/Village.php:396 | uid=0 | page=/maintenance.php
[2026-08-21 13:47:05] WARNING: Trying to access array offset on null in /var/www/html/GameEngine/Village.php:395 | uid=0 | page=/maintenance.php
[2026-08-21 13:47:05] WARNING: Trying to access array offset on null in /var/www/html/GameEngine/Village.php:396 | uid=0 | page=/maintenance.php
[2026-08-21 13:47:05] WARNING: Trying to access array offset on null in /var/www/html/GameEngine/Village.php:395 | uid=0 | page=/maintenance.php
[2026-08-21 13:47:05] WARNING: Trying to access array offset on null in /var/www/html/GameEngine/Village.php:396 | uid=0 | page=/maintenance.php
[2026-08-21 13:47:05] WARNING: Trying to access array offset on null in /var/www/html/GameEngine/Village.php:395 | uid=0 | page=/maintenance.php
[2026-08-21 13:47:05] WARNING: Trying to access array offset on null in /var/www/html/GameEngine/Village.php:396 | uid=0 | page=/maintenance.php
[2026-08-21 13:47:05] WARNING: Trying to access array offset on null in /var/www/html/GameEngine/Village.php:395 | uid=0 | page=/maintenance.php
[2026-08-21 13:47:05] WARNING: Trying to access array offset on null in /var/www/html/GameEngine/Village.php:396 | uid=0 | page=/maintenance.php
[2026-08-21 13:47:05] WARNING: Trying to access array offset on null in /var/www/html/GameEngine/Village.php:395 | uid=0 | page=/maintenance.php
[2026-08-21 13:47:05] WARNING: Trying to access array offset on null in /var/www/html/GameEngine/Village.php:396 | uid=0 | page=/maintenance.php
[2026-08-21 13:47:05] WARNING: Trying to access array offset on null in /var/www/html/GameEngine/Village.php:395 | uid=0 | page=/maintenance.php
[2026-08-21 13:47:05] WARNING: Trying to access array offset on null in /var/www/html/GameEngine/Village.php:396 | uid=0 | page=/maintenance.php
[2026-08-21 13:47:05] WARNING: Trying to access array offset on null in /var/www/html/GameEngine/Village.php:395 | uid=0 | page=/maintenance.php
[2026-08-21 13:47:05] WARNING: Trying to access array offset on null in /var/www/html/GameEngine/Village.php:396 | uid=0 | page=/maintenance.php
[2026-08-21 13:47:05] WARNING: Trying to access array offset on null in /var/www/html/GameEngine/Village.php:395 | uid=0 | page=/maintenance.php
[2026-08-21 13:47:05] WARNING: Trying to access array offset on null in /var/www/html/GameEngine/Village.php:396 | uid=0 | page=/maintenance.php
[2026-08-21 13:47:05] WARNING: Trying to access array offset on null in /var/www/html/GameEngine/Village.php:395 | uid=0 | page=/maintenance.php
[2026-08-21 13:47:05] WARNING: Trying to access array offset on null in /var/www/html/GameEngine/Village.php:396 | uid=0 | page=/maintenance.php
[2026-08-21 13:47:05] WARNING: Trying to access array offset on null in /var/www/html/GameEngine/Village.php:395 | uid=0 | page=/maintenance.php
[2026-08-21 13:47:05] WARNING: Trying to access array offset on null in /var/www/html/GameEngine/Village.php:396 | uid=0 | page=/maintenance.php
[2026-08-21 13:47:05] WARNING: Trying to access array offset on null in /var/www/html/GameEngine/Village.php:395 | uid=0 | page=/maintenance.php
[2026-08-21 13:47:05] WARNING: Trying to access array offset on null in /var/www/html/GameEngine/Village.php:396 | uid=0 | page=/maintenance.php
[2026-08-21 13:47:05] WARNING: Trying to access array offset on null in /var/www/html/GameEngine/Village.php:395 | uid=0 | page=/maintenance.php
[2026-08-21 13:47:05] WARNING: Trying to access array offset on null in /var/www/html/GameEngine/Village.php:396 | uid=0 | page=/maintenance.php
[2026-08-21 13:47:05] WARNING: Trying to access array offset on null in /var/www/html/GameEngine/Village.php:395 | uid=0 | page=/maintenance.php
[2026-08-21 13:47:05] WARNING: Trying to access array offset on null in /var/www/html/GameEngine/Village.php:396 | uid=0 | page=/maintenance.php
[2026-08-21 13:47:05] WARNING: Trying to access array offset on null in /var/www/html/GameEngine/Village.php:395 | uid=0 | page=/maintenance.php
[2026-08-21 13:47:05] WARNING: Trying to access array offset on null in /var/www/html/GameEngine/Village.php:396 | uid=0 | page=/maintenance.php
[2026-08-21 13:47:05] WARNING: Trying to access array offset on null in /var/www/html/GameEngine/Village.php:395 | uid=0 | page=/maintenance.php
[2026-08-21 13:47:05] WARNING: Trying to access array offset on null in /var/www/html/GameEngine/Village.php:396 | uid=0 | page=/maintenance.php
[2026-08-21 13:47:05] WARNING: Trying to access array offset on null in /var/www/html/GameEngine/Village.php:395 | uid=0 | page=/maintenance.php
[2026-08-21 13:47:05] WARNING: Trying to access array offset on null in /var/www/html/GameEngine/Village.php:396 | uid=0 | page=/maintenance.php
[2026-08-21 13:47:05] WARNING: Trying to access array offset on null in /var/www/html/GameEngine/Village.php:395 | uid=0 | page=/maintenance.php
[2026-08-21 13:47:05] WARNING: Trying to access array offset on null in /var/www/html/GameEngine/Village.php:396 | uid=0 | page=/maintenance.php
[2026-08-21 13:47:05] WARNING: Trying to access array offset on null in /var/www/html/GameEngine/Village.php:395 | uid=0 | page=/maintenance.php
[2026-08-21 13:47:05] WARNING: Trying to access array offset on null in /var/www/html/GameEngine/Village.php:396 | uid=0 | page=/maintenance.php
[2026-08-21 13:47:05] WARNING: Trying to access array offset on null in /var/www/html/GameEngine/Village.php:395 | uid=0 | page=/maintenance.php
[2026-08-21 13:47:05] WARNING: Trying to access array offset on null in /var/www/html/GameEngine/Village.php:396 | uid=0 | page=/maintenance.php
[2026-08-21 13:47:06] WARNING: Trying to access array offset on null in /var/www/html/GameEngine/Village.php:395 | uid=0 | page=/maintenance.php
[2026-08-21 13:47:06] WARNING: Trying to access array offset on null in /var/www/html/GameEngine/Village.php:396 | uid=0 | page=/maintenance.php
[2026-08-21 13:47:06] WARNING: Trying to access array offset on null in /var/www/html/GameEngine/Village.php:211 | uid=0 | page=/maintenance.php
[2026-08-21 13:47:06] WARNING: Trying to access array offset on null in /var/www/html/GameEngine/Village.php:247 | uid=0 | page=/maintenance.php
[2026-08-21 13:47:06] WARNING: Undefined variable $message in /var/www/html/Templates/header.tpl:57 | uid=0 | page=/maintenance.php
[2026-08-21 13:47:06] WARNING: Attempt to read property "unread" on null in /var/www/html/Templates/header.tpl:57 | uid=0 | page=/maintenance.php
[2026-08-21 13:47:06] WARNING: Undefined variable $message in /var/www/html/Templates/header.tpl:61 | uid=0 | page=/maintenance.php
[2026-08-21 13:47:06] WARNING: Attempt to read property "unread" on null in /var/www/html/Templates/header.tpl:61 | uid=0 | page=/maintenance.php
[2026-08-21 13:47:06] WARNING: Undefined variable $message in /var/www/html/Templates/header.tpl:61 | uid=0 | page=/maintenance.php
[2026-08-21 13:47:06] WARNING: Attempt to read property "nunread" on null in /var/www/html/Templates/header.tpl:61 | uid=0 | page=/maintenance.php
[2026-08-21 13:47:06] WARNING: Undefined variable $message in /var/www/html/Templates/header.tpl:65 | uid=0 | page=/maintenance.php
[2026-08-21 13:47:06] WARNING: Attempt to read property "unread" on null in /var/www/html/Templates/header.tpl:65 | uid=0 | page=/maintenance.php
[2026-08-21 13:47:24] WARNING: Undefined array key 0 in /var/www/html/GameEngine/Village.php:102 | uid=0 | page=/maintenance.php
[2026-08-21 13:47:24] WARNING: Undefined array key 0 in /var/www/html/GameEngine/Database/DatabaseVillageQueries.php:617 | uid=0 | page=/maintenance.php
[2026-08-21 13:47:24] WARNING: Trying to access array offset on null in /var/www/html/GameEngine/Village.php:164 | uid=0 | page=/maintenance.php
[2026-08-21 13:47:24] WARNING: Undefined array key "fieldtype" in /var/www/html/GameEngine/Database/DatabaseVillageQueries.php:581 | uid=0 | page=/maintenance.php
[2026-08-21 13:47:24] WARNING: Undefined array key 0 in /var/www/html/GameEngine/Database/DatabaseTroopQueries.php:403 | uid=0 | page=/maintenance.php
[2026-08-21 13:47:24] WARNING: Trying to access array offset on null in /var/www/html/GameEngine/Village.php:189 | uid=0 | page=/maintenance.php
[2026-08-21 13:47:24] WARNING: Trying to access array offset on null in /var/www/html/GameEngine/Village.php:190 | uid=0 | page=/maintenance.php
[2026-08-21 13:47:24] WARNING: Trying to access array offset on null in /var/www/html/GameEngine/Village.php:191 | uid=0 | page=/maintenance.php
[2026-08-21 13:47:24] WARNING: Trying to access array offset on null in /var/www/html/GameEngine/Village.php:192 | uid=0 | page=/maintenance.php
[2026-08-21 13:47:24] WARNING: Trying to access array offset on null in /var/www/html/GameEngine/Village.php:197 | uid=0 | page=/maintenance.php
[2026-08-21 13:47:24] WARNING: Trying to access array offset on null in /var/www/html/GameEngine/Village.php:199 | uid=0 | page=/maintenance.php
[2026-08-21 13:47:24] WARNING: Trying to access array offset on null in /var/www/html/GameEngine/Village.php:200 | uid=0 | page=/maintenance.php
[2026-08-21 13:47:24] WARNING: Trying to access array offset on null in /var/www/html/GameEngine/Village.php:201 | uid=0 | page=/maintenance.php
[2026-08-21 13:47:24] WARNING: Trying to access array offset on null in /var/www/html/GameEngine/Village.php:202 | uid=0 | page=/maintenance.php
[2026-08-21 13:47:24] WARNING: Trying to access array offset on null in /var/www/html/GameEngine/Village.php:206 | uid=0 | page=/maintenance.php
[2026-08-21 13:47:24] WARNING: Trying to access array offset on null in /var/www/html/GameEngine/Village.php:207 | uid=0 | page=/maintenance.php
[2026-08-21 13:47:24] WARNING: Trying to access array offset on null in /var/www/html/GameEngine/Village.php:208 | uid=0 | page=/maintenance.php
[2026-08-21 13:47:24] WARNING: Trying to access array offset on null in /var/www/html/GameEngine/Village.php:395 | uid=0 | page=/maintenance.php
[2026-08-21 13:47:24] WARNING: Trying to access array offset on null in /var/www/html/GameEngine/Village.php:396 | uid=0 | page=/maintenance.php
[2026-08-21 13:47:24] WARNING: Trying to access array offset on null in /var/www/html/GameEngine/Village.php:395 | uid=0 | page=/maintenance.php
[2026-08-21 13:47:24] WARNING: Trying to access array offset on null in /var/www/html/GameEngine/Village.php:396 | uid=0 | page=/maintenance.php
[2026-08-21 13:47:24] WARNING: Trying to access array offset on null in /var/www/html/GameEngine/Village.php:395 | uid=0 | page=/maintenance.php
[2026-08-21 13:47:24] WARNING: Trying to access array offset on null in /var/www/html/GameEngine/Village.php:396 | uid=0 | page=/maintenance.php
[2026-08-21 13:47:24] WARNING: Trying to access array offset on null in /var/www/html/GameEngine/Village.php:395 | uid=0 | page=/maintenance.php
[2026-08-21 13:47:24] WARNING: Trying to access array offset on null in /var/www/html/GameEngine/Village.php:396 | uid=0 | page=/maintenance.php
[2026-08-21 13:47:24] WARNING: Trying to access array offset on null in /var/www/html/GameEngine/Village.php:395 | uid=0 | page=/maintenance.php
[2026-08-21 13:47:24] WARNING: Trying to access array offset on null in /var/www/html/GameEngine/Village.php:396 | uid=0 | page=/maintenance.php
[2026-08-21 13:47:24] WARNING: Trying to access array offset on null in /var/www/html/GameEngine/Village.php:395 | uid=0 | page=/maintenance.php
[2026-08-21 13:47:24] WARNING: Trying to access array offset on null in /var/www/html/GameEngine/Village.php:396 | uid=0 | page=/maintenance.php
[2026-08-21 13:47:24] WARNING: Trying to access array offset on null in /var/www/html/GameEngine/Village.php:395 | uid=0 | page=/maintenance.php
[2026-08-21 13:47:24] WARNING: Trying to access array offset on null in /var/www/html/GameEngine/Village.php:396 | uid=0 | page=/maintenance.php
[2026-08-21 13:47:24] WARNING: Trying to access array offset on null in /var/www/html/GameEngine/Village.php:395 | uid=0 | page=/maintenance.php
[2026-08-21 13:47:24] WARNING: Trying to access array offset on null in /var/www/html/GameEngine/Village.php:396 | uid=0 | page=/maintenance.php
[2026-08-21 13:47:24] WARNING: Trying to access array offset on null in /var/www/html/GameEngine/Village.php:395 | uid=0 | page=/maintenance.php
[2026-08-21 13:47:24] WARNING: Trying to access array offset on null in /var/www/html/GameEngine/Village.php:396 | uid=0 | page=/maintenance.php
[2026-08-21 13:47:24] WARNING: Trying to access array offset on null in /var/www/html/GameEngine/Village.php:395 | uid=0 | page=/maintenance.php
[2026-08-21 13:47:24] WARNING: Trying to access array offset on null in /var/www/html/GameEngine/Village.php:396 | uid=0 | page=/maintenance.php
[2026-08-21 13:47:24] WARNING: Trying to access array offset on null in /var/www/html/GameEngine/Village.php:395 | uid=0 | page=/maintenance.php
[2026-08-21 13:47:25] WARNING: Trying to access array offset on null in /var/www/html/GameEngine/Village.php:396 | uid=0 | page=/maintenance.php
[2026-08-21 13:47:25] WARNING: Trying to access array offset on null in /var/www/html/GameEngine/Village.php:395 | uid=0 | page=/maintenance.php
[2026-08-21 13:47:25] WARNING: Trying to access array offset on null in /var/www/html/GameEngine/Village.php:396 | uid=0 | page=/maintenance.php
[2026-08-21 13:47:25] WARNING: Trying to access array offset on null in /var/www/html/GameEngine/Village.php:395 | uid=0 | page=/maintenance.php
[2026-08-21 13:47:25] WARNING: Trying to access array offset on null in /var/www/html/GameEngine/Village.php:396 | uid=0 | page=/maintenance.php
[2026-08-21 13:47:25] WARNING: Trying to access array offset on null in /var/www/html/GameEngine/Village.php:395 | uid=0 | page=/maintenance.php
[2026-08-21 13:47:25] WARNING: Trying to access array offset on null in /var/www/html/GameEngine/Village.php:396 | uid=0 | page=/maintenance.php
[2026-08-21 13:47:25] WARNING: Trying to access array offset on null in /var/www/html/GameEngine/Village.php:395 | uid=0 | page=/maintenance.php
[2026-08-21 13:47:25] WARNING: Trying to access array offset on null in /var/www/html/GameEngine/Village.php:396 | uid=0 | page=/maintenance.php
[2026-08-21 13:47:25] WARNING: Trying to access array offset on null in /var/www/html/GameEngine/Village.php:395 | uid=0 | page=/maintenance.php
[2026-08-21 13:47:25] WARNING: Trying to access array offset on null in /var/www/html/GameEngine/Village.php:396 | uid=0 | page=/maintenance.php
[2026-08-21 13:47:25] WARNING: Trying to access array offset on null in /var/www/html/GameEngine/Village.php:395 | uid=0 | page=/maintenance.php
[2026-08-21 13:47:25] WARNING: Trying to access array offset on null in /var/www/html/GameEngine/Village.php:396 | uid=0 | page=/maintenance.php
[2026-08-21 13:47:25] WARNING: Trying to access array offset on null in /var/www/html/GameEngine/Village.php:395 | uid=0 | page=/maintenance.php
[2026-08-21 13:47:25] WARNING: Trying to access array offset on null in /var/www/html/GameEngine/Village.php:396 | uid=0 | page=/maintenance.php
[2026-08-21 13:47:25] WARNING: Trying to access array offset on null in /var/www/html/GameEngine/Village.php:395 | uid=0 | page=/maintenance.php
[2026-08-21 13:47:25] WARNING: Trying to access array offset on null in /var/www/html/GameEngine/Village.php:396 | uid=0 | page=/maintenance.php
[2026-08-21 13:47:25] WARNING: Trying to access array offset on null in /var/www/html/GameEngine/Village.php:395 | uid=0 | page=/maintenance.php
[2026-08-21 13:47:25] WARNING: Trying to access array offset on null in /var/www/html/GameEngine/Village.php:396 | uid=0 | page=/maintenance.php
[2026-08-21 13:47:25] WARNING: Trying to access array offset on null in /var/www/html/GameEngine/Village.php:395 | uid=0 | page=/maintenance.php
[2026-08-21 13:47:25] WARNING: Trying to access array offset on null in /var/www/html/GameEngine/Village.php:396 | uid=0 | page=/maintenance.php
[2026-08-21 13:47:25] WARNING: Trying to access array offset on null in /var/www/html/GameEngine/Village.php:395 | uid=0 | page=/maintenance.php
[2026-08-21 13:47:25] WARNING: Trying to access array offset on null in /var/www/html/GameEngine/Village.php:396 | uid=0 | page=/maintenance.php
[2026-08-21 13:47:25] WARNING: Trying to access array offset on null in /var/www/html/GameEngine/Village.php:395 | uid=0 | page=/maintenance.php
[2026-08-21 13:47:25] WARNING: Trying to access array offset on null in /var/www/html/GameEngine/Village.php:396 | uid=0 | page=/maintenance.php
[2026-08-21 13:47:25] WARNING: Trying to access array offset on null in /var/www/html/GameEngine/Village.php:395 | uid=0 | page=/maintenance.php
[2026-08-21 13:47:25] WARNING: Trying to access array offset on null in /var/www/html/GameEngine/Village.php:396 | uid=0 | page=/maintenance.php
[2026-08-21 13:47:25] WARNING: Trying to access array offset on null in /var/www/html/GameEngine/Village.php:395 | uid=0 | page=/maintenance.php
[2026-08-21 13:47:25] WARNING: Trying to access array offset on null in /var/www/html/GameEngine/Village.php:396 | uid=0 | page=/maintenance.php
[2026-08-21 13:47:25] WARNING: Trying to access array offset on null in /var/www/html/GameEngine/Village.php:395 | uid=0 | page=/maintenance.php
[2026-08-21 13:47:25] WARNING: Trying to access array offset on null in /var/www/html/GameEngine/Village.php:396 | uid=0 | page=/maintenance.php
[2026-08-21 13:47:25] WARNING: Trying to access array offset on null in /var/www/html/GameEngine/Village.php:395 | uid=0 | page=/maintenance.php
[2026-08-21 13:47:25] WARNING: Trying to access array offset on null in /var/www/html/GameEngine/Village.php:396 | uid=0 | page=/maintenance.php
[2026-08-21 13:47:25] WARNING: Trying to access array offset on null in /var/www/html/GameEngine/Village.php:395 | uid=0 | page=/maintenance.php
[2026-08-21 13:47:25] WARNING: Trying to access array offset on null in /var/www/html/GameEngine/Village.php:396 | uid=0 | page=/maintenance.php
[2026-08-21 13:47:25] WARNING: Trying to access array offset on null in /var/www/html/GameEngine/Village.php:395 | uid=0 | page=/maintenance.php
[2026-08-21 13:47:25] WARNING: Trying to access array offset on null in /var/www/html/GameEngine/Village.php:396 | uid=0 | page=/maintenance.php
[2026-08-21 13:47:25] WARNING: Trying to access array offset on null in /var/www/html/GameEngine/Village.php:395 | uid=0 | page=/maintenance.php
[2026-08-21 13:47:25] WARNING: Trying to access array offset on null in /var/www/html/GameEngine/Village.php:396 | uid=0 | page=/maintenance.php
[2026-08-21 13:47:25] WARNING: Trying to access array offset on null in /var/www/html/GameEngine/Village.php:395 | uid=0 | page=/maintenance.php
[2026-08-21 13:47:25] WARNING: Trying to access array offset on null in /var/www/html/GameEngine/Village.php:396 | uid=0 | page=/maintenance.php
[2026-08-21 13:47:25] WARNING: Trying to access array offset on null in /var/www/html/GameEngine/Village.php:395 | uid=0 | page=/maintenance.php
[2026-08-21 13:47:25] WARNING: Trying to access array offset on null in /var/www/html/GameEngine/Village.php:396 | uid=0 | page=/maintenance.php
[2026-08-21 13:47:25] WARNING: Trying to access array offset on null in /var/www/html/GameEngine/Village.php:395 | uid=0 | page=/maintenance.php
[2026-08-21 13:47:25] WARNING: Trying to access array offset on null in /var/www/html/GameEngine/Village.php:396 | uid=0 | page=/maintenance.php
[2026-08-21 13:47:25] WARNING: Trying to access array offset on null in /var/www/html/GameEngine/Village.php:395 | uid=0 | page=/maintenance.php
[2026-08-21 13:47:25] WARNING: Trying to access array offset on null in /var/www/html/GameEngine/Village.php:396 | uid=0 | page=/maintenance.php
[2026-08-21 13:47:25] WARNING: Trying to access array offset on null in /var/www/html/GameEngine/Village.php:395 | uid=0 | page=/maintenance.php
[2026-08-21 13:47:25] WARNING: Trying to access array offset on null in /var/www/html/GameEngine/Village.php:396 | uid=0 | page=/maintenance.php
[2026-08-21 13:47:25] WARNING: Trying to access array offset on null in /var/www/html/GameEngine/Village.php:395 | uid=0 | page=/maintenance.php
[2026-08-21 13:47:25] WARNING: Trying to access array offset on null in /var/www/html/GameEngine/Village.php:396 | uid=0 | page=/maintenance.php
[2026-08-21 13:47:25] WARNING: Trying to access array offset on null in /var/www/html/GameEngine/Village.php:395 | uid=0 | page=/maintenance.php
[2026-08-21 13:47:25] WARNING: Trying to access array offset on null in /var/www/html/GameEngine/Village.php:396 | uid=0 | page=/maintenance.php
[2026-08-21 13:47:25] WARNING: Trying to access array offset on null in /var/www/html/GameEngine/Village.php:395 | uid=0 | page=/maintenance.php
[2026-08-21 13:47:25] WARNING: Trying to access array offset on null in /var/www/html/GameEngine/Village.php:396 | uid=0 | page=/maintenance.php
[2026-08-21 13:47:25] WARNING: Trying to access array offset on null in /var/www/html/GameEngine/Village.php:211 | uid=0 | page=/maintenance.php
[2026-08-21 13:47:25] WARNING: Trying to access array offset on null in /var/www/html/GameEngine/Village.php:247 | uid=0 | page=/maintenance.php
[2026-08-21 13:47:25] WARNING: Undefined variable $message in /var/www/html/Templates/header.tpl:57 | uid=0 | page=/maintenance.php
[2026-08-21 13:47:25] WARNING: Attempt to read property "unread" on null in /var/www/html/Templates/header.tpl:57 | uid=0 | page=/maintenance.php
[2026-08-21 13:47:25] WARNING: Undefined variable $message in /var/www/html/Templates/header.tpl:61 | uid=0 | page=/maintenance.php
[2026-08-21 13:47:25] WARNING: Attempt to read property "unread" on null in /var/www/html/Templates/header.tpl:61 | uid=0 | page=/maintenance.php
[2026-08-21 13:47:25] WARNING: Undefined variable $message in /var/www/html/Templates/header.tpl:61 | uid=0 | page=/maintenance.php
[2026-08-21 13:47:25] WARNING: Attempt to read property "nunread" on null in /var/www/html/Templates/header.tpl:61 | uid=0 | page=/maintenance.php
[2026-08-21 13:47:25] WARNING: Undefined variable $message in /var/www/html/Templates/header.tpl:65 | uid=0 | page=/maintenance.php
[2026-08-21 13:47:25] WARNING: Attempt to read property "unread" on null in /var/www/html/Templates/header.tpl:65 | uid=0 | page=/maintenance.php
[2026-08-21 13:47:28] WARNING: Undefined array key 0 in /var/www/html/GameEngine/Village.php:102 | uid=0 | page=/maintenance.php
[2026-08-21 13:47:28] WARNING: Undefined array key 0 in /var/www/html/GameEngine/Database/DatabaseVillageQueries.php:617 | uid=0 | page=/maintenance.php
[2026-08-21 13:47:28] WARNING: Trying to access array offset on null in /var/www/html/GameEngine/Village.php:164 | uid=0 | page=/maintenance.php
[2026-08-21 13:47:28] WARNING: Undefined array key "fieldtype" in /var/www/html/GameEngine/Database/DatabaseVillageQueries.php:581 | uid=0 | page=/maintenance.php
[2026-08-21 13:47:28] WARNING: Undefined array key 0 in /var/www/html/GameEngine/Database/DatabaseTroopQueries.php:403 | uid=0 | page=/maintenance.php
[2026-08-21 13:47:28] WARNING: Trying to access array offset on null in /var/www/html/GameEngine/Village.php:189 | uid=0 | page=/maintenance.php
[2026-08-21 13:47:28] WARNING: Trying to access array offset on null in /var/www/html/GameEngine/Village.php:190 | uid=0 | page=/maintenance.php
[2026-08-21 13:47:28] WARNING: Trying to access array offset on null in /var/www/html/GameEngine/Village.php:191 | uid=0 | page=/maintenance.php
[2026-08-21 13:47:28] WARNING: Trying to access array offset on null in /var/www/html/GameEngine/Village.php:192 | uid=0 | page=/maintenance.php
[2026-08-21 13:47:28] WARNING: Trying to access array offset on null in /var/www/html/GameEngine/Village.php:197 | uid=0 | page=/maintenance.php
[2026-08-21 13:47:28] WARNING: Trying to access array offset on null in /var/www/html/GameEngine/Village.php:199 | uid=0 | page=/maintenance.php
[2026-08-21 13:47:28] WARNING: Trying to access array offset on null in /var/www/html/GameEngine/Village.php:200 | uid=0 | page=/maintenance.php
[2026-08-21 13:47:28] WARNING: Trying to access array offset on null in /var/www/html/GameEngine/Village.php:201 | uid=0 | page=/maintenance.php
[2026-08-21 13:47:28] WARNING: Trying to access array offset on null in /var/www/html/GameEngine/Village.php:202 | uid=0 | page=/maintenance.php
[2026-08-21 13:47:28] WARNING: Trying to access array offset on null in /var/www/html/GameEngine/Village.php:206 | uid=0 | page=/maintenance.php
[2026-08-21 13:47:29] WARNING: Trying to access array offset on null in /var/www/html/GameEngine/Village.php:207 | uid=0 | page=/maintenance.php
[2026-08-21 13:47:29] WARNING: Trying to access array offset on null in /var/www/html/GameEngine/Village.php:208 | uid=0 | page=/maintenance.php
[2026-08-21 13:47:29] WARNING: Trying to access array offset on null in /var/www/html/GameEngine/Village.php:395 | uid=0 | page=/maintenance.php
[2026-08-21 13:47:29] WARNING: Trying to access array offset on null in /var/www/html/GameEngine/Village.php:396 | uid=0 | page=/maintenance.php
[2026-08-21 13:47:29] WARNING: Trying to access array offset on null in /var/www/html/GameEngine/Village.php:395 | uid=0 | page=/maintenance.php
[2026-08-21 13:47:29] WARNING: Trying to access array offset on null in /var/www/html/GameEngine/Village.php:396 | uid=0 | page=/maintenance.php
[2026-08-21 13:47:29] WARNING: Trying to access array offset on null in /var/www/html/GameEngine/Village.php:395 | uid=0 | page=/maintenance.php
[2026-08-21 13:47:29] WARNING: Trying to access array offset on null in /var/www/html/GameEngine/Village.php:396 | uid=0 | page=/maintenance.php
[2026-08-21 13:47:29] WARNING: Trying to access array offset on null in /var/www/html/GameEngine/Village.php:395 | uid=0 | page=/maintenance.php
[2026-08-21 13:47:29] WARNING: Trying to access array offset on null in /var/www/html/GameEngine/Village.php:396 | uid=0 | page=/maintenance.php
[2026-08-21 13:47:29] WARNING: Trying to access array offset on null in /var/www/html/GameEngine/Village.php:395 | uid=0 | page=/maintenance.php
[2026-08-21 13:47:29] WARNING: Trying to access array offset on null in /var/www/html/GameEngine/Village.php:396 | uid=0 | page=/maintenance.php
[2026-08-21 13:47:29] WARNING: Trying to access array offset on null in /var/www/html/GameEngine/Village.php:395 | uid=0 | page=/maintenance.php
[2026-08-21 13:47:29] WARNING: Trying to access array offset on null in /var/www/html/GameEngine/Village.php:396 | uid=0 | page=/maintenance.php
[2026-08-21 13:47:29] WARNING: Trying to access array offset on null in /var/www/html/GameEngine/Village.php:395 | uid=0 | page=/maintenance.php
[2026-08-21 13:47:29] WARNING: Trying to access array offset on null in /var/www/html/GameEngine/Village.php:396 | uid=0 | page=/maintenance.php
[2026-08-21 13:47:29] WARNING: Trying to access array offset on null in /var/www/html/GameEngine/Village.php:395 | uid=0 | page=/maintenance.php
[2026-08-21 13:47:29] WARNING: Trying to access array offset on null in /var/www/html/GameEngine/Village.php:396 | uid=0 | page=/maintenance.php
[2026-08-21 13:47:29] WARNING: Trying to access array offset on null in /var/www/html/GameEngine/Village.php:395 | uid=0 | page=/maintenance.php
[2026-08-21 13:47:29] WARNING: Trying to access array offset on null in /var/www/html/GameEngine/Village.php:396 | uid=0 | page=/maintenance.php
[2026-08-21 13:47:29] WARNING: Trying to access array offset on null in /var/www/html/GameEngine/Village.php:395 | uid=0 | page=/maintenance.php
[2026-08-21 13:47:29] WARNING: Trying to access array offset on null in /var/www/html/GameEngine/Village.php:396 | uid=0 | page=/maintenance.php
[2026-08-21 13:47:29] WARNING: Trying to access array offset on null in /var/www/html/GameEngine/Village.php:395 | uid=0 | page=/maintenance.php
[2026-08-21 13:47:29] WARNING: Trying to access array offset on null in /var/www/html/GameEngine/Village.php:396 | uid=0 | page=/maintenance.php
[2026-08-21 13:47:29] WARNING: Trying to access array offset on null in /var/www/html/GameEngine/Village.php:395 | uid=0 | page=/maintenance.php
[2026-08-21 13:47:29] WARNING: Trying to access array offset on null in /var/www/html/GameEngine/Village.php:396 | uid=0 | page=/maintenance.php
[2026-08-21 13:47:29] WARNING: Trying to access array offset on null in /var/www/html/GameEngine/Village.php:395 | uid=0 | page=/maintenance.php
[2026-08-21 13:47:29] WARNING: Trying to access array offset on null in /var/www/html/GameEngine/Village.php:396 | uid=0 | page=/maintenance.php
[2026-08-21 13:47:29] WARNING: Trying to access array offset on null in /var/www/html/GameEngine/Village.php:395 | uid=0 | page=/maintenance.php
[2026-08-21 13:47:29] WARNING: Trying to access array offset on null in /var/www/html/GameEngine/Village.php:396 | uid=0 | page=/maintenance.php
[2026-08-21 13:47:29] WARNING: Trying to access array offset on null in /var/www/html/GameEngine/Village.php:395 | uid=0 | page=/maintenance.php
[2026-08-21 13:47:29] WARNING: Trying to access array offset on null in /var/www/html/GameEngine/Village.php:396 | uid=0 | page=/maintenance.php
[2026-08-21 13:47:29] WARNING: Trying to access array offset on null in /var/www/html/GameEngine/Village.php:395 | uid=0 | page=/maintenance.php
[2026-08-21 13:47:29] WARNING: Trying to access array offset on null in /var/www/html/GameEngine/Village.php:396 | uid=0 | page=/maintenance.php
[2026-08-21 13:47:29] WARNING: Trying to access array offset on null in /var/www/html/GameEngine/Village.php:395 | uid=0 | page=/maintenance.php
[2026-08-21 13:47:29] WARNING: Trying to access array offset on null in /var/www/html/GameEngine/Village.php:396 | uid=0 | page=/maintenance.php
[2026-08-21 13:47:29] WARNING: Trying to access array offset on null in /var/www/html/GameEngine/Village.php:395 | uid=0 | page=/maintenance.php
[2026-08-21 13:47:29] WARNING: Trying to access array offset on null in /var/www/html/GameEngine/Village.php:396 | uid=0 | page=/maintenance.php
[2026-08-21 13:47:29] WARNING: Trying to access array offset on null in /var/www/html/GameEngine/Village.php:395 | uid=0 | page=/maintenance.php
[2026-08-21 13:47:29] WARNING: Trying to access array offset on null in /var/www/html/GameEngine/Village.php:396 | uid=0 | page=/maintenance.php
[2026-08-21 13:47:29] WARNING: Trying to access array offset on null in /var/www/html/GameEngine/Village.php:395 | uid=0 | page=/maintenance.php
[2026-08-21 13:47:29] WARNING: Trying to access array offset on null in /var/www/html/GameEngine/Village.php:396 | uid=0 | page=/maintenance.php
[2026-08-21 13:47:29] WARNING: Trying to access array offset on null in /var/www/html/GameEngine/Village.php:395 | uid=0 | page=/maintenance.php
[2026-08-21 13:47:29] WARNING: Trying to access array offset on null in /var/www/html/GameEngine/Village.php:396 | uid=0 | page=/maintenance.php
[2026-08-21 13:47:29] WARNING: Trying to access array offset on null in /var/www/html/GameEngine/Village.php:395 | uid=0 | page=/maintenance.php
[2026-08-21 13:47:29] WARNING: Trying to access array offset on null in /var/www/html/GameEngine/Village.php:396 | uid=0 | page=/maintenance.php
[2026-08-21 13:47:29] WARNING: Trying to access array offset on null in /var/www/html/GameEngine/Village.php:395 | uid=0 | page=/maintenance.php
[2026-08-21 13:47:29] WARNING: Trying to access array offset on null in /var/www/html/GameEngine/Village.php:396 | uid=0 | page=/maintenance.php
[2026-08-21 13:47:29] WARNING: Trying to access array offset on null in /var/www/html/GameEngine/Village.php:395 | uid=0 | page=/maintenance.php
[2026-08-21 13:47:29] WARNING: Trying to access array offset on null in /var/www/html/GameEngine/Village.php:396 | uid=0 | page=/maintenance.php
[2026-08-21 13:47:29] WARNING: Trying to access array offset on null in /var/www/html/GameEngine/Village.php:395 | uid=0 | page=/maintenance.php
[2026-08-21 13:47:29] WARNING: Trying to access array offset on null in /var/www/html/GameEngine/Village.php:396 | uid=0 | page=/maintenance.php
[2026-08-21 13:47:29] WARNING: Trying to access array offset on null in /var/www/html/GameEngine/Village.php:395 | uid=0 | page=/maintenance.php
[2026-08-21 13:47:29] WARNING: Trying to access array offset on null in /var/www/html/GameEngine/Village.php:396 | uid=0 | page=/maintenance.php
[2026-08-21 13:47:29] WARNING: Trying to access array offset on null in /var/www/html/GameEngine/Village.php:395 | uid=0 | page=/maintenance.php
[2026-08-21 13:47:29] WARNING: Trying to access array offset on null in /var/www/html/GameEngine/Village.php:396 | uid=0 | page=/maintenance.php
[2026-08-21 13:47:29] WARNING: Trying to access array offset on null in /var/www/html/GameEngine/Village.php:395 | uid=0 | page=/maintenance.php
[2026-08-21 13:47:29] WARNING: Trying to access array offset on null in /var/www/html/GameEngine/Village.php:396 | uid=0 | page=/maintenance.php
[2026-08-21 13:47:29] WARNING: Trying to access array offset on null in /var/www/html/GameEngine/Village.php:395 | uid=0 | page=/maintenance.php
[2026-08-21 13:47:29] WARNING: Trying to access array offset on null in /var/www/html/GameEngine/Village.php:396 | uid=0 | page=/maintenance.php
[2026-08-21 13:47:29] WARNING: Trying to access array offset on null in /var/www/html/GameEngine/Village.php:395 | uid=0 | page=/maintenance.php
[2026-08-21 13:47:29] WARNING: Trying to access array offset on null in /var/www/html/GameEngine/Village.php:396 | uid=0 | page=/maintenance.php
[2026-08-21 13:47:29] WARNING: Trying to access array offset on null in /var/www/html/GameEngine/Village.php:395 | uid=0 | page=/maintenance.php
[2026-08-21 13:47:29] WARNING: Trying to access array offset on null in /var/www/html/GameEngine/Village.php:396 | uid=0 | page=/maintenance.php
[2026-08-21 13:47:29] WARNING: Trying to access array offset on null in /var/www/html/GameEngine/Village.php:395 | uid=0 | page=/maintenance.php
[2026-08-21 13:47:29] WARNING: Trying to access array offset on null in /var/www/html/GameEngine/Village.php:396 | uid=0 | page=/maintenance.php
[2026-08-21 13:47:29] WARNING: Trying to access array offset on null in /var/www/html/GameEngine/Village.php:395 | uid=0 | page=/maintenance.php
[2026-08-21 13:47:29] WARNING: Trying to access array offset on null in /var/www/html/GameEngine/Village.php:396 | uid=0 | page=/maintenance.php
[2026-08-21 13:47:29] WARNING: Trying to access array offset on null in /var/www/html/GameEngine/Village.php:395 | uid=0 | page=/maintenance.php
[2026-08-21 13:47:29] WARNING: Trying to access array offset on null in /var/www/html/GameEngine/Village.php:396 | uid=0 | page=/maintenance.php
[2026-08-21 13:47:29] WARNING: Trying to access array offset on null in /var/www/html/GameEngine/Village.php:395 | uid=0 | page=/maintenance.php
[2026-08-21 13:47:29] WARNING: Trying to access array offset on null in /var/www/html/GameEngine/Village.php:396 | uid=0 | page=/maintenance.php
[2026-08-21 13:47:29] WARNING: Trying to access array offset on null in /var/www/html/GameEngine/Village.php:395 | uid=0 | page=/maintenance.php
[2026-08-21 13:47:29] WARNING: Trying to access array offset on null in /var/www/html/GameEngine/Village.php:396 | uid=0 | page=/maintenance.php
[2026-08-21 13:47:29] WARNING: Trying to access array offset on null in /var/www/html/GameEngine/Village.php:395 | uid=0 | page=/maintenance.php
[2026-08-21 13:47:29] WARNING: Trying to access array offset on null in /var/www/html/GameEngine/Village.php:396 | uid=0 | page=/maintenance.php
[2026-08-21 13:47:29] WARNING: Trying to access array offset on null in /var/www/html/GameEngine/Village.php:395 | uid=0 | page=/maintenance.php
[2026-08-21 13:47:29] WARNING: Trying to access array offset on null in /var/www/html/GameEngine/Village.php:396 | uid=0 | page=/maintenance.php
[2026-08-21 13:47:29] WARNING: Trying to access array offset on null in /var/www/html/GameEngine/Village.php:211 | uid=0 | page=/maintenance.php
[2026-08-21 13:47:29] WARNING: Trying to access array offset on null in /var/www/html/GameEngine/Village.php:247 | uid=0 | page=/maintenance.php
[2026-08-21 13:47:29] WARNING: Undefined variable $message in /var/www/html/Templates/header.tpl:57 | uid=0 | page=/maintenance.php
[2026-08-21 13:47:29] WARNING: Attempt to read property "unread" on null in /var/www/html/Templates/header.tpl:57 | uid=0 | page=/maintenance.php
[2026-08-21 13:47:29] WARNING: Undefined variable $message in /var/www/html/Templates/header.tpl:61 | uid=0 | page=/maintenance.php
[2026-08-21 13:47:29] WARNING: Attempt to read property "unread" on null in /var/www/html/Templates/header.tpl:61 | uid=0 | page=/maintenance.php
[2026-08-21 13:47:29] WARNING: Undefined variable $message in /var/www/html/Templates/header.tpl:61 | uid=0 | page=/maintenance.php
[2026-08-21 13:47:29] WARNING: Attempt to read property "nunread" on null in /var/www/html/Templates/header.tpl:61 | uid=0 | page=/maintenance.php
[2026-08-21 13:47:29] WARNING: Undefined variable $message in /var/www/html/Templates/header.tpl:65 | uid=0 | page=/maintenance.php
[2026-08-21 13:47:29] WARNING: Attempt to read property "unread" on null in /var/www/html/Templates/header.tpl:65 | uid=0 | page=/maintenance.php
[2026-08-21 13:48:21] WARNING: Undefined array key 0 in /var/www/html/GameEngine/Village.php:102 | uid=0 | page=/maintenance.php
[2026-08-21 13:48:21] WARNING: Undefined array key 0 in /var/www/html/GameEngine/Database/DatabaseVillageQueries.php:617 | uid=0 | page=/maintenance.php
[2026-08-21 13:48:21] WARNING: Trying to access array offset on null in /var/www/html/GameEngine/Village.php:164 | uid=0 | page=/maintenance.php
[2026-08-21 13:48:21] WARNING: Undefined array key "fieldtype" in /var/www/html/GameEngine/Database/DatabaseVillageQueries.php:581 | uid=0 | page=/maintenance.php
[2026-08-21 13:48:21] WARNING: Undefined array key 0 in /var/www/html/GameEngine/Database/DatabaseTroopQueries.php:403 | uid=0 | page=/maintenance.php
[2026-08-21 13:48:21] WARNING: Trying to access array offset on null in /var/www/html/GameEngine/Village.php:189 | uid=0 | page=/maintenance.php
[2026-08-21 13:48:21] WARNING: Trying to access array offset on null in /var/www/html/GameEngine/Village.php:190 | uid=0 | page=/maintenance.php
[2026-08-21 13:48:21] WARNING: Trying to access array offset on null in /var/www/html/GameEngine/Village.php:191 | uid=0 | page=/maintenance.php
[2026-08-21 13:48:21] WARNING: Trying to access array offset on null in /var/www/html/GameEngine/Village.php:192 | uid=0 | page=/maintenance.php
[2026-08-21 13:48:21] WARNING: Trying to access array offset on null in /var/www/html/GameEngine/Village.php:197 | uid=0 | page=/maintenance.php
[2026-08-21 13:48:21] WARNING: Trying to access array offset on null in /var/www/html/GameEngine/Village.php:199 | uid=0 | page=/maintenance.php
[2026-08-21 13:48:21] WARNING: Trying to access array offset on null in /var/www/html/GameEngine/Village.php:200 | uid=0 | page=/maintenance.php
[2026-08-21 13:48:21] WARNING: Trying to access array offset on null in /var/www/html/GameEngine/Village.php:201 | uid=0 | page=/maintenance.php
[2026-08-21 13:48:21] WARNING: Trying to access array offset on null in /var/www/html/GameEngine/Village.php:202 | uid=0 | page=/maintenance.php
[2026-08-21 13:48:21] WARNING: Trying to access array offset on null in /var/www/html/GameEngine/Village.php:206 | uid=0 | page=/maintenance.php
[2026-08-21 13:48:21] WARNING: Trying to access array offset on null in /var/www/html/GameEngine/Village.php:207 | uid=0 | page=/maintenance.php
[2026-08-21 13:48:21] WARNING: Trying to access array offset on null in /var/www/html/GameEngine/Village.php:208 | uid=0 | page=/maintenance.php
[2026-08-21 13:48:21] WARNING: Trying to access array offset on null in /var/www/html/GameEngine/Village.php:395 | uid=0 | page=/maintenance.php
[2026-08-21 13:48:21] WARNING: Trying to access array offset on null in /var/www/html/GameEngine/Village.php:396 | uid=0 | page=/maintenance.php
[2026-08-21 13:48:21] WARNING: Trying to access array offset on null in /var/www/html/GameEngine/Village.php:395 | uid=0 | page=/maintenance.php
[2026-08-21 13:48:21] WARNING: Trying to access array offset on null in /var/www/html/GameEngine/Village.php:396 | uid=0 | page=/maintenance.php
[2026-08-21 13:48:21] WARNING: Trying to access array offset on null in /var/www/html/GameEngine/Village.php:395 | uid=0 | page=/maintenance.php
[2026-08-21 13:48:21] WARNING: Trying to access array offset on null in /var/www/html/GameEngine/Village.php:396 | uid=0 | page=/maintenance.php
[2026-08-21 13:48:21] WARNING: Trying to access array offset on null in /var/www/html/GameEngine/Village.php:395 | uid=0 | page=/maintenance.php
[2026-08-21 13:48:21] WARNING: Trying to access array offset on null in /var/www/html/GameEngine/Village.php:396 | uid=0 | page=/maintenance.php
[2026-08-21 13:48:21] WARNING: Trying to access array offset on null in /var/www/html/GameEngine/Village.php:395 | uid=0 | page=/maintenance.php
[2026-08-21 13:48:21] WARNING: Trying to access array offset on null in /var/www/html/GameEngine/Village.php:396 | uid=0 | page=/maintenance.php
[2026-08-21 13:48:21] WARNING: Trying to access array offset on null in /var/www/html/GameEngine/Village.php:395 | uid=0 | page=/maintenance.php
[2026-08-21 13:48:21] WARNING: Trying to access array offset on null in /var/www/html/GameEngine/Village.php:396 | uid=0 | page=/maintenance.php
[2026-08-21 13:48:21] WARNING: Trying to access array offset on null in /var/www/html/GameEngine/Village.php:395 | uid=0 | page=/maintenance.php
[2026-08-21 13:48:21] WARNING: Trying to access array offset on null in /var/www/html/GameEngine/Village.php:396 | uid=0 | page=/maintenance.php
[2026-08-21 13:48:21] WARNING: Trying to access array offset on null in /var/www/html/GameEngine/Village.php:395 | uid=0 | page=/maintenance.php
[2026-08-21 13:48:21] WARNING: Trying to access array offset on null in /var/www/html/GameEngine/Village.php:396 | uid=0 | page=/maintenance.php
[2026-08-21 13:48:21] WARNING: Trying to access array offset on null in /var/www/html/GameEngine/Village.php:395 | uid=0 | page=/maintenance.php
[2026-08-21 13:48:21] WARNING: Trying to access array offset on null in /var/www/html/GameEngine/Village.php:396 | uid=0 | page=/maintenance.php
[2026-08-21 13:48:21] WARNING: Trying to access array offset on null in /var/www/html/GameEngine/Village.php:395 | uid=0 | page=/maintenance.php
[2026-08-21 13:48:21] WARNING: Trying to access array offset on null in /var/www/html/GameEngine/Village.php:396 | uid=0 | page=/maintenance.php
[2026-08-21 13:48:21] WARNING: Trying to access array offset on null in /var/www/html/GameEngine/Village.php:395 | uid=0 | page=/maintenance.php
[2026-08-21 13:48:21] WARNING: Trying to access array offset on null in /var/www/html/GameEngine/Village.php:396 | uid=0 | page=/maintenance.php
[2026-08-21 13:48:21] WARNING: Trying to access array offset on null in /var/www/html/GameEngine/Village.php:395 | uid=0 | page=/maintenance.php
[2026-08-21 13:48:21] WARNING: Trying to access array offset on null in /var/www/html/GameEngine/Village.php:396 | uid=0 | page=/maintenance.php
[2026-08-21 13:48:21] WARNING: Trying to access array offset on null in /var/www/html/GameEngine/Village.php:395 | uid=0 | page=/maintenance.php
[2026-08-21 13:48:21] WARNING: Trying to access array offset on null in /var/www/html/GameEngine/Village.php:396 | uid=0 | page=/maintenance.php
[2026-08-21 13:48:21] WARNING: Trying to access array offset on null in /var/www/html/GameEngine/Village.php:395 | uid=0 | page=/maintenance.php
[2026-08-21 13:48:21] WARNING: Trying to access array offset on null in /var/www/html/GameEngine/Village.php:396 | uid=0 | page=/maintenance.php
[2026-08-21 13:48:21] WARNING: Trying to access array offset on null in /var/www/html/GameEngine/Village.php:395 | uid=0 | page=/maintenance.php
[2026-08-21 13:48:21] WARNING: Trying to access array offset on null in /var/www/html/GameEngine/Village.php:396 | uid=0 | page=/maintenance.php
[2026-08-21 13:48:21] WARNING: Trying to access array offset on null in /var/www/html/GameEngine/Village.php:395 | uid=0 | page=/maintenance.php
[2026-08-21 13:48:21] WARNING: Trying to access array offset on null in /var/www/html/GameEngine/Village.php:396 | uid=0 | page=/maintenance.php
[2026-08-21 13:48:21] WARNING: Trying to access array offset on null in /var/www/html/GameEngine/Village.php:395 | uid=0 | page=/maintenance.php
[2026-08-21 13:48:21] WARNING: Trying to access array offset on null in /var/www/html/GameEngine/Village.php:396 | uid=0 | page=/maintenance.php
[2026-08-21 13:48:21] WARNING: Trying to access array offset on null in /var/www/html/GameEngine/Village.php:395 | uid=0 | page=/maintenance.php
[2026-08-21 13:48:21] WARNING: Trying to access array offset on null in /var/www/html/GameEngine/Village.php:396 | uid=0 | page=/maintenance.php
[2026-08-21 13:48:21] WARNING: Trying to access array offset on null in /var/www/html/GameEngine/Village.php:395 | uid=0 | page=/maintenance.php
[2026-08-21 13:48:21] WARNING: Trying to access array offset on null in /var/www/html/GameEngine/Village.php:396 | uid=0 | page=/maintenance.php
[2026-08-21 13:48:21] WARNING: Trying to access array offset on null in /var/www/html/GameEngine/Village.php:395 | uid=0 | page=/maintenance.php
[2026-08-21 13:48:21] WARNING: Trying to access array offset on null in /var/www/html/GameEngine/Village.php:396 | uid=0 | page=/maintenance.php
[2026-08-21 13:48:21] WARNING: Trying to access array offset on null in /var/www/html/GameEngine/Village.php:395 | uid=0 | page=/maintenance.php
[2026-08-21 13:48:21] WARNING: Trying to access array offset on null in /var/www/html/GameEngine/Village.php:396 | uid=0 | page=/maintenance.php
[2026-08-21 13:48:21] WARNING: Trying to access array offset on null in /var/www/html/GameEngine/Village.php:395 | uid=0 | page=/maintenance.php
[2026-08-21 13:48:21] WARNING: Trying to access array offset on null in /var/www/html/GameEngine/Village.php:396 | uid=0 | page=/maintenance.php
[2026-08-21 13:48:21] WARNING: Trying to access array offset on null in /var/www/html/GameEngine/Village.php:395 | uid=0 | page=/maintenance.php
[2026-08-21 13:48:21] WARNING: Trying to access array offset on null in /var/www/html/GameEngine/Village.php:396 | uid=0 | page=/maintenance.php
[2026-08-21 13:48:21] WARNING: Trying to access array offset on null in /var/www/html/GameEngine/Village.php:395 | uid=0 | page=/maintenance.php
[2026-08-21 13:48:21] WARNING: Trying to access array offset on null in /var/www/html/GameEngine/Village.php:396 | uid=0 | page=/maintenance.php
[2026-08-21 13:48:21] WARNING: Trying to access array offset on null in /var/www/html/GameEngine/Village.php:395 | uid=0 | page=/maintenance.php
[2026-08-21 13:48:21] WARNING: Trying to access array offset on null in /var/www/html/GameEngine/Village.php:396 | uid=0 | page=/maintenance.php
[2026-08-21 13:48:21] WARNING: Trying to access array offset on null in /var/www/html/GameEngine/Village.php:395 | uid=0 | page=/maintenance.php
[2026-08-21 13:48:21] WARNING: Trying to access array offset on null in /var/www/html/GameEngine/Village.php:396 | uid=0 | page=/maintenance.php
[2026-08-21 13:48:21] WARNING: Trying to access array offset on null in /var/www/html/GameEngine/Village.php:395 | uid=0 | page=/maintenance.php
[2026-08-21 13:48:21] WARNING: Trying to access array offset on null in /var/www/html/GameEngine/Village.php:396 | uid=0 | page=/maintenance.php
[2026-08-21 13:48:21] WARNING: Trying to access array offset on null in /var/www/html/GameEngine/Village.php:395 | uid=0 | page=/maintenance.php
[2026-08-21 13:48:21] WARNING: Trying to access array offset on null in /var/www/html/GameEngine/Village.php:396 | uid=0 | page=/maintenance.php
[2026-08-21 13:48:21] WARNING: Trying to access array offset on null in /var/www/html/GameEngine/Village.php:395 | uid=0 | page=/maintenance.php
[2026-08-21 13:48:21] WARNING: Trying to access array offset on null in /var/www/html/GameEngine/Village.php:396 | uid=0 | page=/maintenance.php
[2026-08-21 13:48:21] WARNING: Trying to access array offset on null in /var/www/html/GameEngine/Village.php:395 | uid=0 | page=/maintenance.php
[2026-08-21 13:48:21] WARNING: Trying to access array offset on null in /var/www/html/GameEngine/Village.php:396 | uid=0 | page=/maintenance.php
[2026-08-21 13:48:21] WARNING: Trying to access array offset on null in /var/www/html/GameEngine/Village.php:395 | uid=0 | page=/maintenance.php
[2026-08-21 13:48:21] WARNING: Trying to access array offset on null in /var/www/html/GameEngine/Village.php:396 | uid=0 | page=/maintenance.php
[2026-08-21 13:48:21] WARNING: Trying to access array offset on null in /var/www/html/GameEngine/Village.php:395 | uid=0 | page=/maintenance.php
[2026-08-21 13:48:21] WARNING: Trying to access array offset on null in /var/www/html/GameEngine/Village.php:396 | uid=0 | page=/maintenance.php
[2026-08-21 13:48:21] WARNING: Trying to access array offset on null in /var/www/html/GameEngine/Village.php:395 | uid=0 | page=/maintenance.php
[2026-08-21 13:48:21] WARNING: Trying to access array offset on null in /var/www/html/GameEngine/Village.php:396 | uid=0 | page=/maintenance.php
[2026-08-21 13:48:21] WARNING: Trying to access array offset on null in /var/www/html/GameEngine/Village.php:395 | uid=0 | page=/maintenance.php
[2026-08-21 13:48:21] WARNING: Trying to access array offset on null in /var/www/html/GameEngine/Village.php:396 | uid=0 | page=/maintenance.php
[2026-08-21 13:48:21] WARNING: Trying to access array offset on null in /var/www/html/GameEngine/Village.php:395 | uid=0 | page=/maintenance.php
[2026-08-21 13:48:21] WARNING: Trying to access array offset on null in /var/www/html/GameEngine/Village.php:396 | uid=0 | page=/maintenance.php
[2026-08-21 13:48:21] WARNING: Trying to access array offset on null in /var/www/html/GameEngine/Village.php:395 | uid=0 | page=/maintenance.php
[2026-08-21 13:48:21] WARNING: Trying to access array offset on null in /var/www/html/GameEngine/Village.php:396 | uid=0 | page=/maintenance.php
[2026-08-21 13:48:21] WARNING: Trying to access array offset on null in /var/www/html/GameEngine/Village.php:395 | uid=0 | page=/maintenance.php
[2026-08-21 13:48:21] WARNING: Trying to access array offset on null in /var/www/html/GameEngine/Village.php:396 | uid=0 | page=/maintenance.php
[2026-08-21 13:48:21] WARNING: Trying to access array offset on null in /var/www/html/GameEngine/Village.php:395 | uid=0 | page=/maintenance.php
[2026-08-21 13:48:21] WARNING: Trying to access array offset on null in /var/www/html/GameEngine/Village.php:396 | uid=0 | page=/maintenance.php
[2026-08-21 13:48:21] WARNING: Trying to access array offset on null in /var/www/html/GameEngine/Village.php:211 | uid=0 | page=/maintenance.php
[2026-08-21 13:48:21] WARNING: Trying to access array offset on null in /var/www/html/GameEngine/Village.php:247 | uid=0 | page=/maintenance.php
[2026-08-21 13:48:22] WARNING: Undefined variable $message in /var/www/html/Templates/header.tpl:57 | uid=0 | page=/maintenance.php
[2026-08-21 13:48:22] WARNING: Attempt to read property "unread" on null in /var/www/html/Templates/header.tpl:57 | uid=0 | page=/maintenance.php
[2026-08-21 13:48:22] WARNING: Undefined variable $message in /var/www/html/Templates/header.tpl:61 | uid=0 | page=/maintenance.php
[2026-08-21 13:48:22] WARNING: Attempt to read property "unread" on null in /var/www/html/Templates/header.tpl:61 | uid=0 | page=/maintenance.php
[2026-08-21 13:48:22] WARNING: Undefined variable $message in /var/www/html/Templates/header.tpl:61 | uid=0 | page=/maintenance.php
[2026-08-21 13:48:22] WARNING: Attempt to read property "nunread" on null in /var/www/html/Templates/header.tpl:61 | uid=0 | page=/maintenance.php
[2026-08-21 13:48:22] WARNING: Undefined variable $message in /var/www/html/Templates/header.tpl:65 | uid=0 | page=/maintenance.php
[2026-08-21 13:48:22] WARNING: Attempt to read property "unread" on null in /var/www/html/Templates/header.tpl:65 | uid=0 | page=/maintenance.php
[2026-08-21 13:50:02] WARNING: Undefined array key 0 in /var/www/html/GameEngine/Village.php:102 | uid=0 | page=/maintenance.php
[2026-08-21 13:50:02] WARNING: Undefined array key 0 in /var/www/html/GameEngine/Database/DatabaseVillageQueries.php:617 | uid=0 | page=/maintenance.php
[2026-08-21 13:50:02] WARNING: Trying to access array offset on null in /var/www/html/GameEngine/Village.php:164 | uid=0 | page=/maintenance.php
[2026-08-21 13:50:02] WARNING: Undefined array key "fieldtype" in /var/www/html/GameEngine/Database/DatabaseVillageQueries.php:581 | uid=0 | page=/maintenance.php
[2026-08-21 13:50:02] WARNING: Undefined array key 0 in /var/www/html/GameEngine/Database/DatabaseTroopQueries.php:403 | uid=0 | page=/maintenance.php
[2026-08-21 13:50:02] WARNING: Trying to access array offset on null in /var/www/html/GameEngine/Village.php:189 | uid=0 | page=/maintenance.php
[2026-08-21 13:50:02] WARNING: Trying to access array offset on null in /var/www/html/GameEngine/Village.php:190 | uid=0 | page=/maintenance.php
[2026-08-21 13:50:02] WARNING: Trying to access array offset on null in /var/www/html/GameEngine/Village.php:191 | uid=0 | page=/maintenance.php
[2026-08-21 13:50:02] WARNING: Trying to access array offset on null in /var/www/html/GameEngine/Village.php:192 | uid=0 | page=/maintenance.php
[2026-08-21 13:50:02] WARNING: Trying to access array offset on null in /var/www/html/GameEngine/Village.php:197 | uid=0 | page=/maintenance.php
[2026-08-21 13:50:02] WARNING: Trying to access array offset on null in /var/www/html/GameEngine/Village.php:199 | uid=0 | page=/maintenance.php
[2026-08-21 13:50:02] WARNING: Trying to access array offset on null in /var/www/html/GameEngine/Village.php:200 | uid=0 | page=/maintenance.php
[2026-08-21 13:50:02] WARNING: Trying to access array offset on null in /var/www/html/GameEngine/Village.php:201 | uid=0 | page=/maintenance.php
[2026-08-21 13:50:02] WARNING: Trying to access array offset on null in /var/www/html/GameEngine/Village.php:202 | uid=0 | page=/maintenance.php
[2026-08-21 13:50:02] WARNING: Trying to access array offset on null in /var/www/html/GameEngine/Village.php:206 | uid=0 | page=/maintenance.php
[2026-08-21 13:50:02] WARNING: Trying to access array offset on null in /var/www/html/GameEngine/Village.php:207 | uid=0 | page=/maintenance.php
[2026-08-21 13:50:02] WARNING: Trying to access array offset on null in /var/www/html/GameEngine/Village.php:208 | uid=0 | page=/maintenance.php
[2026-08-21 13:50:02] WARNING: Trying to access array offset on null in /var/www/html/GameEngine/Village.php:395 | uid=0 | page=/maintenance.php
[2026-08-21 13:50:02] WARNING: Trying to access array offset on null in /var/www/html/GameEngine/Village.php:396 | uid=0 | page=/maintenance.php
[2026-08-21 13:50:02] WARNING: Trying to access array offset on null in /var/www/html/GameEngine/Village.php:395 | uid=0 | page=/maintenance.php
[2026-08-21 13:50:02] WARNING: Trying to access array offset on null in /var/www/html/GameEngine/Village.php:396 | uid=0 | page=/maintenance.php
[2026-08-21 13:50:02] WARNING: Trying to access array offset on null in /var/www/html/GameEngine/Village.php:395 | uid=0 | page=/maintenance.php
[2026-08-21 13:50:02] WARNING: Trying to access array offset on null in /var/www/html/GameEngine/Village.php:396 | uid=0 | page=/maintenance.php
[2026-08-21 13:50:02] WARNING: Trying to access array offset on null in /var/www/html/GameEngine/Village.php:395 | uid=0 | page=/maintenance.php
[2026-08-21 13:50:02] WARNING: Trying to access array offset on null in /var/www/html/GameEngine/Village.php:396 | uid=0 | page=/maintenance.php
[2026-08-21 13:50:02] WARNING: Trying to access array offset on null in /var/www/html/GameEngine/Village.php:395 | uid=0 | page=/maintenance.php
[2026-08-21 13:50:02] WARNING: Trying to access array offset on null in /var/www/html/GameEngine/Village.php:396 | uid=0 | page=/maintenance.php
[2026-08-21 13:50:02] WARNING: Trying to access array offset on null in /var/www/html/GameEngine/Village.php:395 | uid=0 | page=/maintenance.php
[2026-08-21 13:50:02] WARNING: Trying to access array offset on null in /var/www/html/GameEngine/Village.php:396 | uid=0 | page=/maintenance.php
[2026-08-21 13:50:02] WARNING: Trying to access array offset on null in /var/www/html/GameEngine/Village.php:395 | uid=0 | page=/maintenance.php
[2026-08-21 13:50:02] WARNING: Trying to access array offset on null in /var/www/html/GameEngine/Village.php:396 | uid=0 | page=/maintenance.php
[2026-08-21 13:50:02] WARNING: Trying to access array offset on null in /var/www/html/GameEngine/Village.php:395 | uid=0 | page=/maintenance.php
[2026-08-21 13:50:02] WARNING: Trying to access array offset on null in /var/www/html/GameEngine/Village.php:396 | uid=0 | page=/maintenance.php
[2026-08-21 13:50:02] WARNING: Trying to access array offset on null in /var/www/html/GameEngine/Village.php:395 | uid=0 | page=/maintenance.php
[2026-08-21 13:50:02] WARNING: Trying to access array offset on null in /var/www/html/GameEngine/Village.php:396 | uid=0 | page=/maintenance.php
[2026-08-21 13:50:02] WARNING: Trying to access array offset on null in /var/www/html/GameEngine/Village.php:395 | uid=0 | page=/maintenance.php
[2026-08-21 13:50:02] WARNING: Trying to access array offset on null in /var/www/html/GameEngine/Village.php:396 | uid=0 | page=/maintenance.php
[2026-08-21 13:50:02] WARNING: Trying to access array offset on null in /var/www/html/GameEngine/Village.php:395 | uid=0 | page=/maintenance.php
[2026-08-21 13:50:02] WARNING: Trying to access array offset on null in /var/www/html/GameEngine/Village.php:396 | uid=0 | page=/maintenance.php
[2026-08-21 13:50:02] WARNING: Trying to access array offset on null in /var/www/html/GameEngine/Village.php:395 | uid=0 | page=/maintenance.php
[2026-08-21 13:50:02] WARNING: Trying to access array offset on null in /var/www/html/GameEngine/Village.php:396 | uid=0 | page=/maintenance.php
[2026-08-21 13:50:02] WARNING: Trying to access array offset on null in /var/www/html/GameEngine/Village.php:395 | uid=0 | page=/maintenance.php
[2026-08-21 13:50:02] WARNING: Trying to access array offset on null in /var/www/html/GameEngine/Village.php:396 | uid=0 | page=/maintenance.php
[2026-08-21 13:50:02] WARNING: Trying to access array offset on null in /var/www/html/GameEngine/Village.php:395 | uid=0 | page=/maintenance.php
[2026-08-21 13:50:02] WARNING: Trying to access array offset on null in /var/www/html/GameEngine/Village.php:396 | uid=0 | page=/maintenance.php
[2026-08-21 13:50:02] WARNING: Trying to access array offset on null in /var/www/html/GameEngine/Village.php:395 | uid=0 | page=/maintenance.php
[2026-08-21 13:50:02] WARNING: Trying to access array offset on null in /var/www/html/GameEngine/Village.php:396 | uid=0 | page=/maintenance.php
[2026-08-21 13:50:02] WARNING: Trying to access array offset on null in /var/www/html/GameEngine/Village.php:395 | uid=0 | page=/maintenance.php
[2026-08-21 13:50:02] WARNING: Trying to access array offset on null in /var/www/html/GameEngine/Village.php:396 | uid=0 | page=/maintenance.php
[2026-08-21 13:50:02] WARNING: Trying to access array offset on null in /var/www/html/GameEngine/Village.php:395 | uid=0 | page=/maintenance.php
[2026-08-21 13:50:02] WARNING: Trying to access array offset on null in /var/www/html/GameEngine/Village.php:396 | uid=0 | page=/maintenance.php
[2026-08-21 13:50:02] WARNING: Trying to access array offset on null in /var/www/html/GameEngine/Village.php:395 | uid=0 | page=/maintenance.php
[2026-08-21 13:50:03] WARNING: Trying to access array offset on null in /var/www/html/GameEngine/Village.php:396 | uid=0 | page=/maintenance.php
[2026-08-21 13:50:03] WARNING: Trying to access array offset on null in /var/www/html/GameEngine/Village.php:395 | uid=0 | page=/maintenance.php
[2026-08-21 13:50:03] WARNING: Trying to access array offset on null in /var/www/html/GameEngine/Village.php:396 | uid=0 | page=/maintenance.php
[2026-08-21 13:50:03] WARNING: Trying to access array offset on null in /var/www/html/GameEngine/Village.php:395 | uid=0 | page=/maintenance.php
[2026-08-21 13:50:03] WARNING: Trying to access array offset on null in /var/www/html/GameEngine/Village.php:396 | uid=0 | page=/maintenance.php
[2026-08-21 13:50:03] WARNING: Trying to access array offset on null in /var/www/html/GameEngine/Village.php:395 | uid=0 | page=/maintenance.php
[2026-08-21 13:50:03] WARNING: Trying to access array offset on null in /var/www/html/GameEngine/Village.php:396 | uid=0 | page=/maintenance.php
[2026-08-21 13:50:03] WARNING: Trying to access array offset on null in /var/www/html/GameEngine/Village.php:395 | uid=0 | page=/maintenance.php
[2026-08-21 13:50:03] WARNING: Trying to access array offset on null in /var/www/html/GameEngine/Village.php:396 | uid=0 | page=/maintenance.php
[2026-08-21 13:50:03] WARNING: Trying to access array offset on null in /var/www/html/GameEngine/Village.php:395 | uid=0 | page=/maintenance.php
[2026-08-21 13:50:03] WARNING: Trying to access array offset on null in /var/www/html/GameEngine/Village.php:396 | uid=0 | page=/maintenance.php
[2026-08-21 13:50:03] WARNING: Trying to access array offset on null in /var/www/html/GameEngine/Village.php:395 | uid=0 | page=/maintenance.php
[2026-08-21 13:50:03] WARNING: Trying to access array offset on null in /var/www/html/GameEngine/Village.php:396 | uid=0 | page=/maintenance.php
[2026-08-21 13:50:03] WARNING: Trying to access array offset on null in /var/www/html/GameEngine/Village.php:395 | uid=0 | page=/maintenance.php
[2026-08-21 13:50:03] WARNING: Trying to access array offset on null in /var/www/html/GameEngine/Village.php:396 | uid=0 | page=/maintenance.php
[2026-08-21 13:50:03] WARNING: Trying to access array offset on null in /var/www/html/GameEngine/Village.php:395 | uid=0 | page=/maintenance.php
[2026-08-21 13:50:03] WARNING: Trying to access array offset on null in /var/www/html/GameEngine/Village.php:396 | uid=0 | page=/maintenance.php
[2026-08-21 13:50:03] WARNING: Trying to access array offset on null in /var/www/html/GameEngine/Village.php:395 | uid=0 | page=/maintenance.php
[2026-08-21 13:50:03] WARNING: Trying to access array offset on null in /var/www/html/GameEngine/Village.php:396 | uid=0 | page=/maintenance.php
[2026-08-21 13:50:03] WARNING: Trying to access array offset on null in /var/www/html/GameEngine/Village.php:395 | uid=0 | page=/maintenance.php
[2026-08-21 13:50:03] WARNING: Trying to access array offset on null in /var/www/html/GameEngine/Village.php:396 | uid=0 | page=/maintenance.php
[2026-08-21 13:50:03] WARNING: Trying to access array offset on null in /var/www/html/GameEngine/Village.php:395 | uid=0 | page=/maintenance.php
[2026-08-21 13:50:03] WARNING: Trying to access array offset on null in /var/www/html/GameEngine/Village.php:396 | uid=0 | page=/maintenance.php
[2026-08-21 13:50:03] WARNING: Trying to access array offset on null in /var/www/html/GameEngine/Village.php:395 | uid=0 | page=/maintenance.php
[2026-08-21 13:50:03] WARNING: Trying to access array offset on null in /var/www/html/GameEngine/Village.php:396 | uid=0 | page=/maintenance.php
[2026-08-21 13:50:03] WARNING: Trying to access array offset on null in /var/www/html/GameEngine/Village.php:395 | uid=0 | page=/maintenance.php
[2026-08-21 13:50:03] WARNING: Trying to access array offset on null in /var/www/html/GameEngine/Village.php:396 | uid=0 | page=/maintenance.php
[2026-08-21 13:50:03] WARNING: Trying to access array offset on null in /var/www/html/GameEngine/Village.php:395 | uid=0 | page=/maintenance.php
[2026-08-21 13:50:03] WARNING: Trying to access array offset on null in /var/www/html/GameEngine/Village.php:396 | uid=0 | page=/maintenance.php
[2026-08-21 13:50:03] WARNING: Trying to access array offset on null in /var/www/html/GameEngine/Village.php:395 | uid=0 | page=/maintenance.php
[2026-08-21 13:50:03] WARNING: Trying to access array offset on null in /var/www/html/GameEngine/Village.php:396 | uid=0 | page=/maintenance.php
[2026-08-21 13:50:03] WARNING: Trying to access array offset on null in /var/www/html/GameEngine/Village.php:395 | uid=0 | page=/maintenance.php
[2026-08-21 13:50:03] WARNING: Trying to access array offset on null in /var/www/html/GameEngine/Village.php:396 | uid=0 | page=/maintenance.php
[2026-08-21 13:50:03] WARNING: Trying to access array offset on null in /var/www/html/GameEngine/Village.php:395 | uid=0 | page=/maintenance.php
[2026-08-21 13:50:03] WARNING: Trying to access array offset on null in /var/www/html/GameEngine/Village.php:396 | uid=0 | page=/maintenance.php
[2026-08-21 13:50:03] WARNING: Trying to access array offset on null in /var/www/html/GameEngine/Village.php:395 | uid=0 | page=/maintenance.php
[2026-08-21 13:50:03] WARNING: Trying to access array offset on null in /var/www/html/GameEngine/Village.php:396 | uid=0 | page=/maintenance.php
[2026-08-21 13:50:03] WARNING: Trying to access array offset on null in /var/www/html/GameEngine/Village.php:395 | uid=0 | page=/maintenance.php
[2026-08-21 13:50:03] WARNING: Trying to access array offset on null in /var/www/html/GameEngine/Village.php:396 | uid=0 | page=/maintenance.php
[2026-08-21 13:50:03] WARNING: Trying to access array offset on null in /var/www/html/GameEngine/Village.php:395 | uid=0 | page=/maintenance.php
[2026-08-21 13:50:03] WARNING: Trying to access array offset on null in /var/www/html/GameEngine/Village.php:396 | uid=0 | page=/maintenance.php
[2026-08-21 13:50:03] WARNING: Trying to access array offset on null in /var/www/html/GameEngine/Village.php:211 | uid=0 | page=/maintenance.php
[2026-08-21 13:50:03] WARNING: Trying to access array offset on null in /var/www/html/GameEngine/Village.php:247 | uid=0 | page=/maintenance.php
[2026-08-21 13:50:03] WARNING: Undefined variable $message in /var/www/html/Templates/header.tpl:57 | uid=0 | page=/maintenance.php
[2026-08-21 13:50:03] WARNING: Attempt to read property "unread" on null in /var/www/html/Templates/header.tpl:57 | uid=0 | page=/maintenance.php
[2026-08-21 13:50:03] WARNING: Undefined variable $message in /var/www/html/Templates/header.tpl:61 | uid=0 | page=/maintenance.php
[2026-08-21 13:50:03] WARNING: Attempt to read property "unread" on null in /var/www/html/Templates/header.tpl:61 | uid=0 | page=/maintenance.php
[2026-08-21 13:50:03] WARNING: Undefined variable $message in /var/www/html/Templates/header.tpl:61 | uid=0 | page=/maintenance.php
[2026-08-21 13:50:03] WARNING: Attempt to read property "nunread" on null in /var/www/html/Templates/header.tpl:61 | uid=0 | page=/maintenance.php
[2026-08-21 13:50:03] WARNING: Undefined variable $message in /var/www/html/Templates/header.tpl:65 | uid=0 | page=/maintenance.php
[2026-08-21 13:50:03] WARNING: Attempt to read property "unread" on null in /var/www/html/Templates/header.tpl:65 | uid=0 | page=/maintenance.php
[2026-08-21 13:50:08] WARNING: Undefined array key 0 in /var/www/html/GameEngine/Village.php:102 | uid=0 | page=/maintenance.php
[2026-08-21 13:50:08] WARNING: Undefined array key 0 in /var/www/html/GameEngine/Database/DatabaseVillageQueries.php:617 | uid=0 | page=/maintenance.php
[2026-08-21 13:50:08] WARNING: Trying to access array offset on null in /var/www/html/GameEngine/Village.php:164 | uid=0 | page=/maintenance.php
[2026-08-21 13:50:08] WARNING: Undefined array key "fieldtype" in /var/www/html/GameEngine/Database/DatabaseVillageQueries.php:581 | uid=0 | page=/maintenance.php
[2026-08-21 13:50:08] WARNING: Undefined array key 0 in /var/www/html/GameEngine/Database/DatabaseTroopQueries.php:403 | uid=0 | page=/maintenance.php
[2026-08-21 13:50:08] WARNING: Trying to access array offset on null in /var/www/html/GameEngine/Village.php:189 | uid=0 | page=/maintenance.php
[2026-08-21 13:50:08] WARNING: Trying to access array offset on null in /var/www/html/GameEngine/Village.php:190 | uid=0 | page=/maintenance.php
[2026-08-21 13:50:08] WARNING: Trying to access array offset on null in /var/www/html/GameEngine/Village.php:191 | uid=0 | page=/maintenance.php
[2026-08-21 13:50:08] WARNING: Trying to access array offset on null in /var/www/html/GameEngine/Village.php:192 | uid=0 | page=/maintenance.php
[2026-08-21 13:50:08] WARNING: Trying to access array offset on null in /var/www/html/GameEngine/Village.php:197 | uid=0 | page=/maintenance.php
[2026-08-21 13:50:08] WARNING: Trying to access array offset on null in /var/www/html/GameEngine/Village.php:199 | uid=0 | page=/maintenance.php
[2026-08-21 13:50:08] WARNING: Trying to access array offset on null in /var/www/html/GameEngine/Village.php:200 | uid=0 | page=/maintenance.php
[2026-08-21 13:50:08] WARNING: Trying to access array offset on null in /var/www/html/GameEngine/Village.php:201 | uid=0 | page=/maintenance.php
[2026-08-21 13:50:08] WARNING: Trying to access array offset on null in /var/www/html/GameEngine/Village.php:202 | uid=0 | page=/maintenance.php
[2026-08-21 13:50:08] WARNING: Trying to access array offset on null in /var/www/html/GameEngine/Village.php:206 | uid=0 | page=/maintenance.php
[2026-08-21 13:50:08] WARNING: Trying to access array offset on null in /var/www/html/GameEngine/Village.php:207 | uid=0 | page=/maintenance.php
[2026-08-21 13:50:08] WARNING: Trying to access array offset on null in /var/www/html/GameEngine/Village.php:208 | uid=0 | page=/maintenance.php
[2026-08-21 13:50:08] WARNING: Trying to access array offset on null in /var/www/html/GameEngine/Village.php:395 | uid=0 | page=/maintenance.php
[2026-08-21 13:50:08] WARNING: Trying to access array offset on null in /var/www/html/GameEngine/Village.php:396 | uid=0 | page=/maintenance.php
[2026-08-21 13:50:08] WARNING: Trying to access array offset on null in /var/www/html/GameEngine/Village.php:395 | uid=0 | page=/maintenance.php
[2026-08-21 13:50:08] WARNING: Trying to access array offset on null in /var/www/html/GameEngine/Village.php:396 | uid=0 | page=/maintenance.php
[2026-08-21 13:50:08] WARNING: Trying to access array offset on null in /var/www/html/GameEngine/Village.php:395 | uid=0 | page=/maintenance.php
[2026-08-21 13:50:08] WARNING: Trying to access array offset on null in /var/www/html/GameEngine/Village.php:396 | uid=0 | page=/maintenance.php
[2026-08-21 13:50:08] WARNING: Trying to access array offset on null in /var/www/html/GameEngine/Village.php:395 | uid=0 | page=/maintenance.php
[2026-08-21 13:50:08] WARNING: Trying to access array offset on null in /var/www/html/GameEngine/Village.php:396 | uid=0 | page=/maintenance.php
[2026-08-21 13:50:08] WARNING: Trying to access array offset on null in /var/www/html/GameEngine/Village.php:395 | uid=0 | page=/maintenance.php
[2026-08-21 13:50:08] WARNING: Trying to access array offset on null in /var/www/html/GameEngine/Village.php:396 | uid=0 | page=/maintenance.php
[2026-08-21 13:50:08] WARNING: Trying to access array offset on null in /var/www/html/GameEngine/Village.php:395 | uid=0 | page=/maintenance.php
[2026-08-21 13:50:08] WARNING: Trying to access array offset on null in /var/www/html/GameEngine/Village.php:396 | uid=0 | page=/maintenance.php
[2026-08-21 13:50:08] WARNING: Trying to access array offset on null in /var/www/html/GameEngine/Village.php:395 | uid=0 | page=/maintenance.php
[2026-08-21 13:50:08] WARNING: Trying to access array offset on null in /var/www/html/GameEngine/Village.php:396 | uid=0 | page=/maintenance.php
[2026-08-21 13:50:08] WARNING: Trying to access array offset on null in /var/www/html/GameEngine/Village.php:395 | uid=0 | page=/maintenance.php
[2026-08-21 13:50:08] WARNING: Trying to access array offset on null in /var/www/html/GameEngine/Village.php:396 | uid=0 | page=/maintenance.php
[2026-08-21 13:50:08] WARNING: Trying to access array offset on null in /var/www/html/GameEngine/Village.php:395 | uid=0 | page=/maintenance.php
[2026-08-21 13:50:08] WARNING: Trying to access array offset on null in /var/www/html/GameEngine/Village.php:396 | uid=0 | page=/maintenance.php
[2026-08-21 13:50:08] WARNING: Trying to access array offset on null in /var/www/html/GameEngine/Village.php:395 | uid=0 | page=/maintenance.php
[2026-08-21 13:50:08] WARNING: Trying to access array offset on null in /var/www/html/GameEngine/Village.php:396 | uid=0 | page=/maintenance.php
[2026-08-21 13:50:08] WARNING: Trying to access array offset on null in /var/www/html/GameEngine/Village.php:395 | uid=0 | page=/maintenance.php
[2026-08-21 13:50:08] WARNING: Trying to access array offset on null in /var/www/html/GameEngine/Village.php:396 | uid=0 | page=/maintenance.php
[2026-08-21 13:50:08] WARNING: Trying to access array offset on null in /var/www/html/GameEngine/Village.php:395 | uid=0 | page=/maintenance.php
[2026-08-21 13:50:08] WARNING: Trying to access array offset on null in /var/www/html/GameEngine/Village.php:396 | uid=0 | page=/maintenance.php
[2026-08-21 13:50:08] WARNING: Trying to access array offset on null in /var/www/html/GameEngine/Village.php:395 | uid=0 | page=/maintenance.php
[2026-08-21 13:50:08] WARNING: Trying to access array offset on null in /var/www/html/GameEngine/Village.php:396 | uid=0 | page=/maintenance.php
[2026-08-21 13:50:08] WARNING: Trying to access array offset on null in /var/www/html/GameEngine/Village.php:395 | uid=0 | page=/maintenance.php
[2026-08-21 13:50:08] WARNING: Trying to access array offset on null in /var/www/html/GameEngine/Village.php:396 | uid=0 | page=/maintenance.php
[2026-08-21 13:50:08] WARNING: Trying to access array offset on null in /var/www/html/GameEngine/Village.php:395 | uid=0 | page=/maintenance.php
[2026-08-21 13:50:08] WARNING: Trying to access array offset on null in /var/www/html/GameEngine/Village.php:396 | uid=0 | page=/maintenance.php
[2026-08-21 13:50:08] WARNING: Trying to access array offset on null in /var/www/html/GameEngine/Village.php:395 | uid=0 | page=/maintenance.php
[2026-08-21 13:50:08] WARNING: Trying to access array offset on null in /var/www/html/GameEngine/Village.php:396 | uid=0 | page=/maintenance.php
[2026-08-21 13:50:08] WARNING: Trying to access array offset on null in /var/www/html/GameEngine/Village.php:395 | uid=0 | page=/maintenance.php
[2026-08-21 13:50:08] WARNING: Trying to access array offset on null in /var/www/html/GameEngine/Village.php:396 | uid=0 | page=/maintenance.php
[2026-08-21 13:50:08] WARNING: Trying to access array offset on null in /var/www/html/GameEngine/Village.php:395 | uid=0 | page=/maintenance.php
[2026-08-21 13:50:08] WARNING: Trying to access array offset on null in /var/www/html/GameEngine/Village.php:396 | uid=0 | page=/maintenance.php
[2026-08-21 13:50:08] WARNING: Trying to access array offset on null in /var/www/html/GameEngine/Village.php:395 | uid=0 | page=/maintenance.php
[2026-08-21 13:50:08] WARNING: Trying to access array offset on null in /var/www/html/GameEngine/Village.php:396 | uid=0 | page=/maintenance.php
[2026-08-21 13:50:08] WARNING: Trying to access array offset on null in /var/www/html/GameEngine/Village.php:395 | uid=0 | page=/maintenance.php
[2026-08-21 13:50:08] WARNING: Trying to access array offset on null in /var/www/html/GameEngine/Village.php:396 | uid=0 | page=/maintenance.php
[2026-08-21 13:50:08] WARNING: Trying to access array offset on null in /var/www/html/GameEngine/Village.php:395 | uid=0 | page=/maintenance.php
[2026-08-21 13:50:08] WARNING: Trying to access array offset on null in /var/www/html/GameEngine/Village.php:396 | uid=0 | page=/maintenance.php
[2026-08-21 13:50:08] WARNING: Trying to access array offset on null in /var/www/html/GameEngine/Village.php:395 | uid=0 | page=/maintenance.php
[2026-08-21 13:50:09] WARNING: Trying to access array offset on null in /var/www/html/GameEngine/Village.php:396 | uid=0 | page=/maintenance.php
[2026-08-21 13:50:09] WARNING: Trying to access array offset on null in /var/www/html/GameEngine/Village.php:395 | uid=0 | page=/maintenance.php
[2026-08-21 13:50:09] WARNING: Trying to access array offset on null in /var/www/html/GameEngine/Village.php:396 | uid=0 | page=/maintenance.php
[2026-08-21 13:50:09] WARNING: Trying to access array offset on null in /var/www/html/GameEngine/Village.php:395 | uid=0 | page=/maintenance.php
[2026-08-21 13:50:09] WARNING: Trying to access array offset on null in /var/www/html/GameEngine/Village.php:396 | uid=0 | page=/maintenance.php
[2026-08-21 13:50:09] WARNING: Trying to access array offset on null in /var/www/html/GameEngine/Village.php:395 | uid=0 | page=/maintenance.php
[2026-08-21 13:50:09] WARNING: Trying to access array offset on null in /var/www/html/GameEngine/Village.php:396 | uid=0 | page=/maintenance.php
[2026-08-21 13:50:09] WARNING: Trying to access array offset on null in /var/www/html/GameEngine/Village.php:395 | uid=0 | page=/maintenance.php
[2026-08-21 13:50:09] WARNING: Trying to access array offset on null in /var/www/html/GameEngine/Village.php:396 | uid=0 | page=/maintenance.php
[2026-08-21 13:50:09] WARNING: Trying to access array offset on null in /var/www/html/GameEngine/Village.php:395 | uid=0 | page=/maintenance.php
[2026-08-21 13:50:09] WARNING: Trying to access array offset on null in /var/www/html/GameEngine/Village.php:396 | uid=0 | page=/maintenance.php
[2026-08-21 13:50:09] WARNING: Trying to access array offset on null in /var/www/html/GameEngine/Village.php:395 | uid=0 | page=/maintenance.php
[2026-08-21 13:50:09] WARNING: Trying to access array offset on null in /var/www/html/GameEngine/Village.php:396 | uid=0 | page=/maintenance.php
[2026-08-21 13:50:09] WARNING: Trying to access array offset on null in /var/www/html/GameEngine/Village.php:395 | uid=0 | page=/maintenance.php
[2026-08-21 13:50:09] WARNING: Trying to access array offset on null in /var/www/html/GameEngine/Village.php:396 | uid=0 | page=/maintenance.php
[2026-08-21 13:50:09] WARNING: Trying to access array offset on null in /var/www/html/GameEngine/Village.php:395 | uid=0 | page=/maintenance.php
[2026-08-21 13:50:09] WARNING: Trying to access array offset on null in /var/www/html/GameEngine/Village.php:396 | uid=0 | page=/maintenance.php
[2026-08-21 13:50:09] WARNING: Trying to access array offset on null in /var/www/html/GameEngine/Village.php:395 | uid=0 | page=/maintenance.php
[2026-08-21 13:50:09] WARNING: Trying to access array offset on null in /var/www/html/GameEngine/Village.php:396 | uid=0 | page=/maintenance.php
[2026-08-21 13:50:09] WARNING: Trying to access array offset on null in /var/www/html/GameEngine/Village.php:395 | uid=0 | page=/maintenance.php
[2026-08-21 13:50:09] WARNING: Trying to access array offset on null in /var/www/html/GameEngine/Village.php:396 | uid=0 | page=/maintenance.php
[2026-08-21 13:50:09] WARNING: Trying to access array offset on null in /var/www/html/GameEngine/Village.php:395 | uid=0 | page=/maintenance.php
[2026-08-21 13:50:09] WARNING: Trying to access array offset on null in /var/www/html/GameEngine/Village.php:396 | uid=0 | page=/maintenance.php
[2026-08-21 13:50:09] WARNING: Trying to access array offset on null in /var/www/html/GameEngine/Village.php:395 | uid=0 | page=/maintenance.php
[2026-08-21 13:50:09] WARNING: Trying to access array offset on null in /var/www/html/GameEngine/Village.php:396 | uid=0 | page=/maintenance.php
[2026-08-21 13:50:09] WARNING: Trying to access array offset on null in /var/www/html/GameEngine/Village.php:395 | uid=0 | page=/maintenance.php
[2026-08-21 13:50:09] WARNING: Trying to access array offset on null in /var/www/html/GameEngine/Village.php:396 | uid=0 | page=/maintenance.php
[2026-08-21 13:50:09] WARNING: Trying to access array offset on null in /var/www/html/GameEngine/Village.php:395 | uid=0 | page=/maintenance.php
[2026-08-21 13:50:09] WARNING: Trying to access array offset on null in /var/www/html/GameEngine/Village.php:396 | uid=0 | page=/maintenance.php
[2026-08-21 13:50:09] WARNING: Trying to access array offset on null in /var/www/html/GameEngine/Village.php:395 | uid=0 | page=/maintenance.php
[2026-08-21 13:50:09] WARNING: Trying to access array offset on null in /var/www/html/GameEngine/Village.php:396 | uid=0 | page=/maintenance.php
[2026-08-21 13:50:09] WARNING: Trying to access array offset on null in /var/www/html/GameEngine/Village.php:395 | uid=0 | page=/maintenance.php
[2026-08-21 13:50:09] WARNING: Trying to access array offset on null in /var/www/html/GameEngine/Village.php:396 | uid=0 | page=/maintenance.php
[2026-08-21 13:50:09] WARNING: Trying to access array offset on null in /var/www/html/GameEngine/Village.php:211 | uid=0 | page=/maintenance.php
[2026-08-21 13:50:09] WARNING: Trying to access array offset on null in /var/www/html/GameEngine/Village.php:247 | uid=0 | page=/maintenance.php
[2026-08-21 13:50:09] WARNING: Undefined variable $message in /var/www/html/Templates/header.tpl:57 | uid=0 | page=/maintenance.php
[2026-08-21 13:50:09] WARNING: Attempt to read property "unread" on null in /var/www/html/Templates/header.tpl:57 | uid=0 | page=/maintenance.php
[2026-08-21 13:50:09] WARNING: Undefined variable $message in /var/www/html/Templates/header.tpl:61 | uid=0 | page=/maintenance.php
[2026-08-21 13:50:09] WARNING: Attempt to read property "unread" on null in /var/www/html/Templates/header.tpl:61 | uid=0 | page=/maintenance.php
[2026-08-21 13:50:09] WARNING: Undefined variable $message in /var/www/html/Templates/header.tpl:61 | uid=0 | page=/maintenance.php
[2026-08-21 13:50:09] WARNING: Attempt to read property "nunread" on null in /var/www/html/Templates/header.tpl:61 | uid=0 | page=/maintenance.php
[2026-08-21 13:50:09] WARNING: Undefined variable $message in /var/www/html/Templates/header.tpl:65 | uid=0 | page=/maintenance.php
[2026-08-21 13:50:09] WARNING: Attempt to read property "unread" on null in /var/www/html/Templates/header.tpl:65 | uid=0 | page=/maintenance.php
[2026-08-21 13:51:53] WARNING: Undefined array key 0 in /var/www/html/GameEngine/Village.php:102 | uid=0 | page=/maintenance.php
[2026-08-21 13:51:53] WARNING: Undefined array key 0 in /var/www/html/GameEngine/Database/DatabaseVillageQueries.php:617 | uid=0 | page=/maintenance.php
[2026-08-21 13:51:53] WARNING: Trying to access array offset on null in /var/www/html/GameEngine/Village.php:164 | uid=0 | page=/maintenance.php
[2026-08-21 13:51:53] WARNING: Undefined array key "fieldtype" in /var/www/html/GameEngine/Database/DatabaseVillageQueries.php:581 | uid=0 | page=/maintenance.php
[2026-08-21 13:51:53] WARNING: Undefined array key 0 in /var/www/html/GameEngine/Database/DatabaseTroopQueries.php:403 | uid=0 | page=/maintenance.php
[2026-08-21 13:51:53] WARNING: Trying to access array offset on null in /var/www/html/GameEngine/Village.php:189 | uid=0 | page=/maintenance.php
[2026-08-21 13:51:53] WARNING: Trying to access array offset on null in /var/www/html/GameEngine/Village.php:190 | uid=0 | page=/maintenance.php
[2026-08-21 13:51:53] WARNING: Trying to access array offset on null in /var/www/html/GameEngine/Village.php:191 | uid=0 | page=/maintenance.php
[2026-08-21 13:51:53] WARNING: Trying to access array offset on null in /var/www/html/GameEngine/Village.php:192 | uid=0 | page=/maintenance.php
[2026-08-21 13:51:53] WARNING: Trying to access array offset on null in /var/www/html/GameEngine/Village.php:197 | uid=0 | page=/maintenance.php
[2026-08-21 13:51:53] WARNING: Trying to access array offset on null in /var/www/html/GameEngine/Village.php:199 | uid=0 | page=/maintenance.php
[2026-08-21 13:51:53] WARNING: Trying to access array offset on null in /var/www/html/GameEngine/Village.php:200 | uid=0 | page=/maintenance.php
[2026-08-21 13:51:53] WARNING: Trying to access array offset on null in /var/www/html/GameEngine/Village.php:201 | uid=0 | page=/maintenance.php
[2026-08-21 13:51:53] WARNING: Trying to access array offset on null in /var/www/html/GameEngine/Village.php:202 | uid=0 | page=/maintenance.php
[2026-08-21 13:51:53] WARNING: Trying to access array offset on null in /var/www/html/GameEngine/Village.php:206 | uid=0 | page=/maintenance.php
[2026-08-21 13:51:53] WARNING: Trying to access array offset on null in /var/www/html/GameEngine/Village.php:207 | uid=0 | page=/maintenance.php
[2026-08-21 13:51:53] WARNING: Trying to access array offset on null in /var/www/html/GameEngine/Village.php:208 | uid=0 | page=/maintenance.php
[2026-08-21 13:51:53] WARNING: Trying to access array offset on null in /var/www/html/GameEngine/Village.php:395 | uid=0 | page=/maintenance.php
[2026-08-21 13:51:53] WARNING: Trying to access array offset on null in /var/www/html/GameEngine/Village.php:396 | uid=0 | page=/maintenance.php
[2026-08-21 13:51:53] WARNING: Trying to access array offset on null in /var/www/html/GameEngine/Village.php:395 | uid=0 | page=/maintenance.php
[2026-08-21 13:51:53] WARNING: Trying to access array offset on null in /var/www/html/GameEngine/Village.php:396 | uid=0 | page=/maintenance.php
[2026-08-21 13:51:53] WARNING: Trying to access array offset on null in /var/www/html/GameEngine/Village.php:395 | uid=0 | page=/maintenance.php
[2026-08-21 13:51:53] WARNING: Trying to access array offset on null in /var/www/html/GameEngine/Village.php:396 | uid=0 | page=/maintenance.php
[2026-08-21 13:51:53] WARNING: Trying to access array offset on null in /var/www/html/GameEngine/Village.php:395 | uid=0 | page=/maintenance.php
[2026-08-21 13:51:54] WARNING: Trying to access array offset on null in /var/www/html/GameEngine/Village.php:396 | uid=0 | page=/maintenance.php
[2026-08-21 13:51:54] WARNING: Trying to access array offset on null in /var/www/html/GameEngine/Village.php:395 | uid=0 | page=/maintenance.php
[2026-08-21 13:51:54] WARNING: Trying to access array offset on null in /var/www/html/GameEngine/Village.php:396 | uid=0 | page=/maintenance.php
[2026-08-21 13:51:54] WARNING: Trying to access array offset on null in /var/www/html/GameEngine/Village.php:395 | uid=0 | page=/maintenance.php
[2026-08-21 13:51:54] WARNING: Trying to access array offset on null in /var/www/html/GameEngine/Village.php:396 | uid=0 | page=/maintenance.php
[2026-08-21 13:51:54] WARNING: Trying to access array offset on null in /var/www/html/GameEngine/Village.php:395 | uid=0 | page=/maintenance.php
[2026-08-21 13:51:54] WARNING: Trying to access array offset on null in /var/www/html/GameEngine/Village.php:396 | uid=0 | page=/maintenance.php
[2026-08-21 13:51:54] WARNING: Trying to access array offset on null in /var/www/html/GameEngine/Village.php:395 | uid=0 | page=/maintenance.php
[2026-08-21 13:51:54] WARNING: Trying to access array offset on null in /var/www/html/GameEngine/Village.php:396 | uid=0 | page=/maintenance.php
[2026-08-21 13:51:54] WARNING: Trying to access array offset on null in /var/www/html/GameEngine/Village.php:395 | uid=0 | page=/maintenance.php
[2026-08-21 13:51:54] WARNING: Trying to access array offset on null in /var/www/html/GameEngine/Village.php:396 | uid=0 | page=/maintenance.php
[2026-08-21 13:51:54] WARNING: Trying to access array offset on null in /var/www/html/GameEngine/Village.php:395 | uid=0 | page=/maintenance.php
[2026-08-21 13:51:54] WARNING: Trying to access array offset on null in /var/www/html/GameEngine/Village.php:396 | uid=0 | page=/maintenance.php
[2026-08-21 13:51:54] WARNING: Trying to access array offset on null in /var/www/html/GameEngine/Village.php:395 | uid=0 | page=/maintenance.php
[2026-08-21 13:51:54] WARNING: Trying to access array offset on null in /var/www/html/GameEngine/Village.php:396 | uid=0 | page=/maintenance.php
[2026-08-21 13:51:54] WARNING: Trying to access array offset on null in /var/www/html/GameEngine/Village.php:395 | uid=0 | page=/maintenance.php
[2026-08-21 13:51:54] WARNING: Trying to access array offset on null in /var/www/html/GameEngine/Village.php:396 | uid=0 | page=/maintenance.php
[2026-08-21 13:51:54] WARNING: Trying to access array offset on null in /var/www/html/GameEngine/Village.php:395 | uid=0 | page=/maintenance.php
[2026-08-21 13:51:54] WARNING: Trying to access array offset on null in /var/www/html/GameEngine/Village.php:396 | uid=0 | page=/maintenance.php
[2026-08-21 13:51:54] WARNING: Trying to access array offset on null in /var/www/html/GameEngine/Village.php:395 | uid=0 | page=/maintenance.php
[2026-08-21 13:51:54] WARNING: Trying to access array offset on null in /var/www/html/GameEngine/Village.php:396 | uid=0 | page=/maintenance.php
[2026-08-21 13:51:54] WARNING: Trying to access array offset on null in /var/www/html/GameEngine/Village.php:395 | uid=0 | page=/maintenance.php
[2026-08-21 13:51:54] WARNING: Trying to access array offset on null in /var/www/html/GameEngine/Village.php:396 | uid=0 | page=/maintenance.php
[2026-08-21 13:51:54] WARNING: Trying to access array offset on null in /var/www/html/GameEngine/Village.php:395 | uid=0 | page=/maintenance.php
[2026-08-21 13:51:54] WARNING: Trying to access array offset on null in /var/www/html/GameEngine/Village.php:396 | uid=0 | page=/maintenance.php
[2026-08-21 13:51:54] WARNING: Trying to access array offset on null in /var/www/html/GameEngine/Village.php:395 | uid=0 | page=/maintenance.php
[2026-08-21 13:51:54] WARNING: Trying to access array offset on null in /var/www/html/GameEngine/Village.php:396 | uid=0 | page=/maintenance.php
[2026-08-21 13:51:54] WARNING: Trying to access array offset on null in /var/www/html/GameEngine/Village.php:395 | uid=0 | page=/maintenance.php
[2026-08-21 13:51:54] WARNING: Trying to access array offset on null in /var/www/html/GameEngine/Village.php:396 | uid=0 | page=/maintenance.php
[2026-08-21 13:51:54] WARNING: Trying to access array offset on null in /var/www/html/GameEngine/Village.php:395 | uid=0 | page=/maintenance.php
[2026-08-21 13:51:54] WARNING: Trying to access array offset on null in /var/www/html/GameEngine/Village.php:396 | uid=0 | page=/maintenance.php
[2026-08-21 13:51:54] WARNING: Trying to access array offset on null in /var/www/html/GameEngine/Village.php:395 | uid=0 | page=/maintenance.php
[2026-08-21 13:51:54] WARNING: Trying to access array offset on null in /var/www/html/GameEngine/Village.php:396 | uid=0 | page=/maintenance.php
[2026-08-21 13:51:54] WARNING: Trying to access array offset on null in /var/www/html/GameEngine/Village.php:395 | uid=0 | page=/maintenance.php
[2026-08-21 13:51:54] WARNING: Trying to access array offset on null in /var/www/html/GameEngine/Village.php:396 | uid=0 | page=/maintenance.php
[2026-08-21 13:51:54] WARNING: Trying to access array offset on null in /var/www/html/GameEngine/Village.php:395 | uid=0 | page=/maintenance.php
[2026-08-21 13:51:54] WARNING: Trying to access array offset on null in /var/www/html/GameEngine/Village.php:396 | uid=0 | page=/maintenance.php
[2026-08-21 13:51:54] WARNING: Trying to access array offset on null in /var/www/html/GameEngine/Village.php:395 | uid=0 | page=/maintenance.php
[2026-08-21 13:51:54] WARNING: Trying to access array offset on null in /var/www/html/GameEngine/Village.php:396 | uid=0 | page=/maintenance.php
[2026-08-21 13:51:54] WARNING: Trying to access array offset on null in /var/www/html/GameEngine/Village.php:395 | uid=0 | page=/maintenance.php
[2026-08-21 13:51:54] WARNING: Trying to access array offset on null in /var/www/html/GameEngine/Village.php:396 | uid=0 | page=/maintenance.php
[2026-08-21 13:51:54] WARNING: Trying to access array offset on null in /var/www/html/GameEngine/Village.php:395 | uid=0 | page=/maintenance.php
[2026-08-21 13:51:54] WARNING: Trying to access array offset on null in /var/www/html/GameEngine/Village.php:396 | uid=0 | page=/maintenance.php
[2026-08-21 13:51:54] WARNING: Trying to access array offset on null in /var/www/html/GameEngine/Village.php:395 | uid=0 | page=/maintenance.php
[2026-08-21 13:51:54] WARNING: Trying to access array offset on null in /var/www/html/GameEngine/Village.php:396 | uid=0 | page=/maintenance.php
[2026-08-21 13:51:54] WARNING: Trying to access array offset on null in /var/www/html/GameEngine/Village.php:395 | uid=0 | page=/maintenance.php
[2026-08-21 13:51:54] WARNING: Trying to access array offset on null in /var/www/html/GameEngine/Village.php:396 | uid=0 | page=/maintenance.php
[2026-08-21 13:51:54] WARNING: Trying to access array offset on null in /var/www/html/GameEngine/Village.php:395 | uid=0 | page=/maintenance.php
[2026-08-21 13:51:54] WARNING: Trying to access array offset on null in /var/www/html/GameEngine/Village.php:396 | uid=0 | page=/maintenance.php
[2026-08-21 13:51:54] WARNING: Trying to access array offset on null in /var/www/html/GameEngine/Village.php:395 | uid=0 | page=/maintenance.php
[2026-08-21 13:51:54] WARNING: Trying to access array offset on null in /var/www/html/GameEngine/Village.php:396 | uid=0 | page=/maintenance.php
[2026-08-21 13:51:54] WARNING: Trying to access array offset on null in /var/www/html/GameEngine/Village.php:395 | uid=0 | page=/maintenance.php
[2026-08-21 13:51:54] WARNING: Trying to access array offset on null in /var/www/html/GameEngine/Village.php:396 | uid=0 | page=/maintenance.php
[2026-08-21 13:51:54] WARNING: Trying to access array offset on null in /var/www/html/GameEngine/Village.php:395 | uid=0 | page=/maintenance.php
[2026-08-21 13:51:54] WARNING: Trying to access array offset on null in /var/www/html/GameEngine/Village.php:396 | uid=0 | page=/maintenance.php
[2026-08-21 13:51:54] WARNING: Trying to access array offset on null in /var/www/html/GameEngine/Village.php:395 | uid=0 | page=/maintenance.php
[2026-08-21 13:51:54] WARNING: Trying to access array offset on null in /var/www/html/GameEngine/Village.php:396 | uid=0 | page=/maintenance.php
[2026-08-21 13:51:54] WARNING: Trying to access array offset on null in /var/www/html/GameEngine/Village.php:395 | uid=0 | page=/maintenance.php
[2026-08-21 13:51:54] WARNING: Trying to access array offset on null in /var/www/html/GameEngine/Village.php:396 | uid=0 | page=/maintenance.php
[2026-08-21 13:51:54] WARNING: Trying to access array offset on null in /var/www/html/GameEngine/Village.php:395 | uid=0 | page=/maintenance.php
[2026-08-21 13:51:54] WARNING: Trying to access array offset on null in /var/www/html/GameEngine/Village.php:396 | uid=0 | page=/maintenance.php
[2026-08-21 13:51:54] WARNING: Trying to access array offset on null in /var/www/html/GameEngine/Village.php:395 | uid=0 | page=/maintenance.php
[2026-08-21 13:51:54] WARNING: Trying to access array offset on null in /var/www/html/GameEngine/Village.php:396 | uid=0 | page=/maintenance.php
[2026-08-21 13:51:54] WARNING: Trying to access array offset on null in /var/www/html/GameEngine/Village.php:395 | uid=0 | page=/maintenance.php
[2026-08-21 13:51:54] WARNING: Trying to access array offset on null in /var/www/html/GameEngine/Village.php:396 | uid=0 | page=/maintenance.php
[2026-08-21 13:51:54] WARNING: Trying to access array offset on null in /var/www/html/GameEngine/Village.php:395 | uid=0 | page=/maintenance.php
[2026-08-21 13:51:54] WARNING: Trying to access array offset on null in /var/www/html/GameEngine/Village.php:396 | uid=0 | page=/maintenance.php
[2026-08-21 13:51:54] WARNING: Trying to access array offset on null in /var/www/html/GameEngine/Village.php:395 | uid=0 | page=/maintenance.php
[2026-08-21 13:51:54] WARNING: Trying to access array offset on null in /var/www/html/GameEngine/Village.php:396 | uid=0 | page=/maintenance.php
[2026-08-21 13:51:54] WARNING: Trying to access array offset on null in /var/www/html/GameEngine/Village.php:211 | uid=0 | page=/maintenance.php
[2026-08-21 13:51:54] WARNING: Trying to access array offset on null in /var/www/html/GameEngine/Village.php:247 | uid=0 | page=/maintenance.php
[2026-08-21 13:51:54] WARNING: Undefined variable $message in /var/www/html/Templates/header.tpl:57 | uid=0 | page=/maintenance.php
[2026-08-21 13:51:54] WARNING: Attempt to read property "unread" on null in /var/www/html/Templates/header.tpl:57 | uid=0 | page=/maintenance.php
[2026-08-21 13:51:54] WARNING: Undefined variable $message in /var/www/html/Templates/header.tpl:61 | uid=0 | page=/maintenance.php
[2026-08-21 13:51:54] WARNING: Attempt to read property "unread" on null in /var/www/html/Templates/header.tpl:61 | uid=0 | page=/maintenance.php
[2026-08-21 13:51:54] WARNING: Undefined variable $message in /var/www/html/Templates/header.tpl:61 | uid=0 | page=/maintenance.php
[2026-08-21 13:51:54] WARNING: Attempt to read property "nunread" on null in /var/www/html/Templates/header.tpl:61 | uid=0 | page=/maintenance.php
[2026-08-21 13:51:54] WARNING: Undefined variable $message in /var/www/html/Templates/header.tpl:65 | uid=0 | page=/maintenance.php
[2026-08-21 13:51:54] WARNING: Attempt to read property "unread" on null in /var/www/html/Templates/header.tpl:65 | uid=0 | page=/maintenance.php
[2026-08-21 13:51:56] WARNING: Undefined array key 0 in /var/www/html/GameEngine/Village.php:102 | uid=0 | page=/maintenance.php
[2026-08-21 13:51:56] WARNING: Undefined array key 0 in /var/www/html/GameEngine/Database/DatabaseVillageQueries.php:617 | uid=0 | page=/maintenance.php
[2026-08-21 13:51:56] WARNING: Trying to access array offset on null in /var/www/html/GameEngine/Village.php:164 | uid=0 | page=/maintenance.php
[2026-08-21 13:51:56] WARNING: Undefined array key "fieldtype" in /var/www/html/GameEngine/Database/DatabaseVillageQueries.php:581 | uid=0 | page=/maintenance.php
[2026-08-21 13:51:56] WARNING: Undefined array key 0 in /var/www/html/GameEngine/Database/DatabaseTroopQueries.php:403 | uid=0 | page=/maintenance.php
[2026-08-21 13:51:56] WARNING: Trying to access array offset on null in /var/www/html/GameEngine/Village.php:189 | uid=0 | page=/maintenance.php
[2026-08-21 13:51:56] WARNING: Trying to access array offset on null in /var/www/html/GameEngine/Village.php:190 | uid=0 | page=/maintenance.php
[2026-08-21 13:51:56] WARNING: Trying to access array offset on null in /var/www/html/GameEngine/Village.php:191 | uid=0 | page=/maintenance.php
[2026-08-21 13:51:56] WARNING: Trying to access array offset on null in /var/www/html/GameEngine/Village.php:192 | uid=0 | page=/maintenance.php
[2026-08-21 13:51:56] WARNING: Trying to access array offset on null in /var/www/html/GameEngine/Village.php:197 | uid=0 | page=/maintenance.php
[2026-08-21 13:51:56] WARNING: Trying to access array offset on null in /var/www/html/GameEngine/Village.php:199 | uid=0 | page=/maintenance.php
[2026-08-21 13:51:56] WARNING: Trying to access array offset on null in /var/www/html/GameEngine/Village.php:200 | uid=0 | page=/maintenance.php
[2026-08-21 13:51:56] WARNING: Trying to access array offset on null in /var/www/html/GameEngine/Village.php:201 | uid=0 | page=/maintenance.php
[2026-08-21 13:51:56] WARNING: Trying to access array offset on null in /var/www/html/GameEngine/Village.php:202 | uid=0 | page=/maintenance.php
[2026-08-21 13:51:56] WARNING: Trying to access array offset on null in /var/www/html/GameEngine/Village.php:206 | uid=0 | page=/maintenance.php
[2026-08-21 13:51:56] WARNING: Trying to access array offset on null in /var/www/html/GameEngine/Village.php:207 | uid=0 | page=/maintenance.php
[2026-08-21 13:51:56] WARNING: Trying to access array offset on null in /var/www/html/GameEngine/Village.php:208 | uid=0 | page=/maintenance.php
[2026-08-21 13:51:56] WARNING: Trying to access array offset on null in /var/www/html/GameEngine/Village.php:395 | uid=0 | page=/maintenance.php
[2026-08-21 13:51:56] WARNING: Trying to access array offset on null in /var/www/html/GameEngine/Village.php:396 | uid=0 | page=/maintenance.php
[2026-08-21 13:51:56] WARNING: Trying to access array offset on null in /var/www/html/GameEngine/Village.php:395 | uid=0 | page=/maintenance.php
[2026-08-21 13:51:56] WARNING: Trying to access array offset on null in /var/www/html/GameEngine/Village.php:396 | uid=0 | page=/maintenance.php
[2026-08-21 13:51:56] WARNING: Trying to access array offset on null in /var/www/html/GameEngine/Village.php:395 | uid=0 | page=/maintenance.php
[2026-08-21 13:51:56] WARNING: Trying to access array offset on null in /var/www/html/GameEngine/Village.php:396 | uid=0 | page=/maintenance.php
[2026-08-21 13:51:56] WARNING: Trying to access array offset on null in /var/www/html/GameEngine/Village.php:395 | uid=0 | page=/maintenance.php
[2026-08-21 13:51:56] WARNING: Trying to access array offset on null in /var/www/html/GameEngine/Village.php:396 | uid=0 | page=/maintenance.php
[2026-08-21 13:51:56] WARNING: Trying to access array offset on null in /var/www/html/GameEngine/Village.php:395 | uid=0 | page=/maintenance.php
[2026-08-21 13:51:56] WARNING: Trying to access array offset on null in /var/www/html/GameEngine/Village.php:396 | uid=0 | page=/maintenance.php
[2026-08-21 13:51:56] WARNING: Trying to access array offset on null in /var/www/html/GameEngine/Village.php:395 | uid=0 | page=/maintenance.php
[2026-08-21 13:51:56] WARNING: Trying to access array offset on null in /var/www/html/GameEngine/Village.php:396 | uid=0 | page=/maintenance.php
[2026-08-21 13:51:56] WARNING: Trying to access array offset on null in /var/www/html/GameEngine/Village.php:395 | uid=0 | page=/maintenance.php
[2026-08-21 13:51:56] WARNING: Trying to access array offset on null in /var/www/html/GameEngine/Village.php:396 | uid=0 | page=/maintenance.php
[2026-08-21 13:51:57] WARNING: Trying to access array offset on null in /var/www/html/GameEngine/Village.php:395 | uid=0 | page=/maintenance.php
[2026-08-21 13:51:57] WARNING: Trying to access array offset on null in /var/www/html/GameEngine/Village.php:396 | uid=0 | page=/maintenance.php
[2026-08-21 13:51:57] WARNING: Trying to access array offset on null in /var/www/html/GameEngine/Village.php:395 | uid=0 | page=/maintenance.php
[2026-08-21 13:51:57] WARNING: Trying to access array offset on null in /var/www/html/GameEngine/Village.php:396 | uid=0 | page=/maintenance.php
[2026-08-21 13:51:57] WARNING: Trying to access array offset on null in /var/www/html/GameEngine/Village.php:395 | uid=0 | page=/maintenance.php
[2026-08-21 13:51:57] WARNING: Trying to access array offset on null in /var/www/html/GameEngine/Village.php:396 | uid=0 | page=/maintenance.php
[2026-08-21 13:51:57] WARNING: Trying to access array offset on null in /var/www/html/GameEngine/Village.php:395 | uid=0 | page=/maintenance.php
[2026-08-21 13:51:57] WARNING: Trying to access array offset on null in /var/www/html/GameEngine/Village.php:396 | uid=0 | page=/maintenance.php
[2026-08-21 13:51:57] WARNING: Trying to access array offset on null in /var/www/html/GameEngine/Village.php:395 | uid=0 | page=/maintenance.php
[2026-08-21 13:51:57] WARNING: Trying to access array offset on null in /var/www/html/GameEngine/Village.php:396 | uid=0 | page=/maintenance.php
[2026-08-21 13:51:57] WARNING: Trying to access array offset on null in /var/www/html/GameEngine/Village.php:395 | uid=0 | page=/maintenance.php
[2026-08-21 13:51:57] WARNING: Trying to access array offset on null in /var/www/html/GameEngine/Village.php:396 | uid=0 | page=/maintenance.php
[2026-08-21 13:51:57] WARNING: Trying to access array offset on null in /var/www/html/GameEngine/Village.php:395 | uid=0 | page=/maintenance.php
[2026-08-21 13:51:57] WARNING: Trying to access array offset on null in /var/www/html/GameEngine/Village.php:396 | uid=0 | page=/maintenance.php
[2026-08-21 13:51:57] WARNING: Trying to access array offset on null in /var/www/html/GameEngine/Village.php:395 | uid=0 | page=/maintenance.php
[2026-08-21 13:51:57] WARNING: Trying to access array offset on null in /var/www/html/GameEngine/Village.php:396 | uid=0 | page=/maintenance.php
[2026-08-21 13:51:57] WARNING: Trying to access array offset on null in /var/www/html/GameEngine/Village.php:395 | uid=0 | page=/maintenance.php
[2026-08-21 13:51:57] WARNING: Trying to access array offset on null in /var/www/html/GameEngine/Village.php:396 | uid=0 | page=/maintenance.php
[2026-08-21 13:51:57] WARNING: Trying to access array offset on null in /var/www/html/GameEngine/Village.php:395 | uid=0 | page=/maintenance.php
[2026-08-21 13:51:57] WARNING: Trying to access array offset on null in /var/www/html/GameEngine/Village.php:396 | uid=0 | page=/maintenance.php
[2026-08-21 13:51:57] WARNING: Trying to access array offset on null in /var/www/html/GameEngine/Village.php:395 | uid=0 | page=/maintenance.php
[2026-08-21 13:51:57] WARNING: Trying to access array offset on null in /var/www/html/GameEngine/Village.php:396 | uid=0 | page=/maintenance.php
[2026-08-21 13:51:57] WARNING: Trying to access array offset on null in /var/www/html/GameEngine/Village.php:395 | uid=0 | page=/maintenance.php
[2026-08-21 13:51:57] WARNING: Trying to access array offset on null in /var/www/html/GameEngine/Village.php:396 | uid=0 | page=/maintenance.php
[2026-08-21 13:51:57] WARNING: Trying to access array offset on null in /var/www/html/GameEngine/Village.php:395 | uid=0 | page=/maintenance.php
[2026-08-21 13:51:57] WARNING: Trying to access array offset on null in /var/www/html/GameEngine/Village.php:396 | uid=0 | page=/maintenance.php
[2026-08-21 13:51:57] WARNING: Trying to access array offset on null in /var/www/html/GameEngine/Village.php:395 | uid=0 | page=/maintenance.php
[2026-08-21 13:51:57] WARNING: Trying to access array offset on null in /var/www/html/GameEngine/Village.php:396 | uid=0 | page=/maintenance.php
[2026-08-21 13:51:57] WARNING: Trying to access array offset on null in /var/www/html/GameEngine/Village.php:395 | uid=0 | page=/maintenance.php
[2026-08-21 13:51:57] WARNING: Trying to access array offset on null in /var/www/html/GameEngine/Village.php:396 | uid=0 | page=/maintenance.php
[2026-08-21 13:51:57] WARNING: Trying to access array offset on null in /var/www/html/GameEngine/Village.php:395 | uid=0 | page=/maintenance.php
[2026-08-21 13:51:57] WARNING: Trying to access array offset on null in /var/www/html/GameEngine/Village.php:396 | uid=0 | page=/maintenance.php
[2026-08-21 13:51:57] WARNING: Trying to access array offset on null in /var/www/html/GameEngine/Village.php:395 | uid=0 | page=/maintenance.php
[2026-08-21 13:51:57] WARNING: Trying to access array offset on null in /var/www/html/GameEngine/Village.php:396 | uid=0 | page=/maintenance.php
[2026-08-21 13:51:57] WARNING: Trying to access array offset on null in /var/www/html/GameEngine/Village.php:395 | uid=0 | page=/maintenance.php
[2026-08-21 13:51:57] WARNING: Trying to access array offset on null in /var/www/html/GameEngine/Village.php:396 | uid=0 | page=/maintenance.php
[2026-08-21 13:51:57] WARNING: Trying to access array offset on null in /var/www/html/GameEngine/Village.php:395 | uid=0 | page=/maintenance.php
[2026-08-21 13:51:57] WARNING: Trying to access array offset on null in /var/www/html/GameEngine/Village.php:396 | uid=0 | page=/maintenance.php
[2026-08-21 13:51:57] WARNING: Trying to access array offset on null in /var/www/html/GameEngine/Village.php:395 | uid=0 | page=/maintenance.php
[2026-08-21 13:51:57] WARNING: Trying to access array offset on null in /var/www/html/GameEngine/Village.php:396 | uid=0 | page=/maintenance.php
[2026-08-21 13:51:57] WARNING: Trying to access array offset on null in /var/www/html/GameEngine/Village.php:395 | uid=0 | page=/maintenance.php
[2026-08-21 13:51:57] WARNING: Trying to access array offset on null in /var/www/html/GameEngine/Village.php:396 | uid=0 | page=/maintenance.php
[2026-08-21 13:51:57] WARNING: Trying to access array offset on null in /var/www/html/GameEngine/Village.php:395 | uid=0 | page=/maintenance.php
[2026-08-21 13:51:57] WARNING: Trying to access array offset on null in /var/www/html/GameEngine/Village.php:396 | uid=0 | page=/maintenance.php
[2026-08-21 13:51:57] WARNING: Trying to access array offset on null in /var/www/html/GameEngine/Village.php:395 | uid=0 | page=/maintenance.php
[2026-08-21 13:51:57] WARNING: Trying to access array offset on null in /var/www/html/GameEngine/Village.php:396 | uid=0 | page=/maintenance.php
[2026-08-21 13:51:57] WARNING: Trying to access array offset on null in /var/www/html/GameEngine/Village.php:395 | uid=0 | page=/maintenance.php
[2026-08-21 13:51:57] WARNING: Trying to access array offset on null in /var/www/html/GameEngine/Village.php:396 | uid=0 | page=/maintenance.php
[2026-08-21 13:51:57] WARNING: Trying to access array offset on null in /var/www/html/GameEngine/Village.php:395 | uid=0 | page=/maintenance.php
[2026-08-21 13:51:57] WARNING: Trying to access array offset on null in /var/www/html/GameEngine/Village.php:396 | uid=0 | page=/maintenance.php
[2026-08-21 13:51:57] WARNING: Trying to access array offset on null in /var/www/html/GameEngine/Village.php:395 | uid=0 | page=/maintenance.php
[2026-08-21 13:51:57] WARNING: Trying to access array offset on null in /var/www/html/GameEngine/Village.php:396 | uid=0 | page=/maintenance.php
[2026-08-21 13:51:57] WARNING: Trying to access array offset on null in /var/www/html/GameEngine/Village.php:395 | uid=0 | page=/maintenance.php
[2026-08-21 13:51:57] WARNING: Trying to access array offset on null in /var/www/html/GameEngine/Village.php:396 | uid=0 | page=/maintenance.php
[2026-08-21 13:51:57] WARNING: Trying to access array offset on null in /var/www/html/GameEngine/Village.php:395 | uid=0 | page=/maintenance.php
[2026-08-21 13:51:57] WARNING: Trying to access array offset on null in /var/www/html/GameEngine/Village.php:396 | uid=0 | page=/maintenance.php
[2026-08-21 13:51:57] WARNING: Trying to access array offset on null in /var/www/html/GameEngine/Village.php:395 | uid=0 | page=/maintenance.php
[2026-08-21 13:51:57] WARNING: Trying to access array offset on null in /var/www/html/GameEngine/Village.php:396 | uid=0 | page=/maintenance.php
[2026-08-21 13:51:57] WARNING: Trying to access array offset on null in /var/www/html/GameEngine/Village.php:395 | uid=0 | page=/maintenance.php
[2026-08-21 13:51:57] WARNING: Trying to access array offset on null in /var/www/html/GameEngine/Village.php:396 | uid=0 | page=/maintenance.php
[2026-08-21 13:51:57] WARNING: Trying to access array offset on null in /var/www/html/GameEngine/Village.php:395 | uid=0 | page=/maintenance.php
[2026-08-21 13:51:57] WARNING: Trying to access array offset on null in /var/www/html/GameEngine/Village.php:396 | uid=0 | page=/maintenance.php
[2026-08-21 13:51:57] WARNING: Trying to access array offset on null in /var/www/html/GameEngine/Village.php:211 | uid=0 | page=/maintenance.php
[2026-08-21 13:51:57] WARNING: Trying to access array offset on null in /var/www/html/GameEngine/Village.php:247 | uid=0 | page=/maintenance.php
[2026-08-21 13:51:57] WARNING: Undefined variable $message in /var/www/html/Templates/header.tpl:57 | uid=0 | page=/maintenance.php
[2026-08-21 13:51:57] WARNING: Attempt to read property "unread" on null in /var/www/html/Templates/header.tpl:57 | uid=0 | page=/maintenance.php
[2026-08-21 13:51:57] WARNING: Undefined variable $message in /var/www/html/Templates/header.tpl:61 | uid=0 | page=/maintenance.php
[2026-08-21 13:51:57] WARNING: Attempt to read property "unread" on null in /var/www/html/Templates/header.tpl:61 | uid=0 | page=/maintenance.php
[2026-08-21 13:51:57] WARNING: Undefined variable $message in /var/www/html/Templates/header.tpl:61 | uid=0 | page=/maintenance.php
[2026-08-21 13:51:57] WARNING: Attempt to read property "nunread" on null in /var/www/html/Templates/header.tpl:61 | uid=0 | page=/maintenance.php
[2026-08-21 13:51:57] WARNING: Undefined variable $message in /var/www/html/Templates/header.tpl:65 | uid=0 | page=/maintenance.php
[2026-08-21 13:51:57] WARNING: Attempt to read property "unread" on null in /var/www/html/Templates/header.tpl:65 | uid=0 | page=/maintenance.php
[2026-08-21 13:55:17] WARNING: Undefined array key 0 in /var/www/html/GameEngine/Village.php:102 | uid=0 | page=/maintenance.php
[2026-08-21 13:55:17] WARNING: Undefined array key 0 in /var/www/html/GameEngine/Database/DatabaseVillageQueries.php:617 | uid=0 | page=/maintenance.php
[2026-08-21 13:55:17] WARNING: Trying to access array offset on null in /var/www/html/GameEngine/Village.php:164 | uid=0 | page=/maintenance.php
[2026-08-21 13:55:17] WARNING: Undefined array key "fieldtype" in /var/www/html/GameEngine/Database/DatabaseVillageQueries.php:581 | uid=0 | page=/maintenance.php
[2026-08-21 13:55:17] WARNING: Undefined array key 0 in /var/www/html/GameEngine/Database/DatabaseTroopQueries.php:403 | uid=0 | page=/maintenance.php
[2026-08-21 13:55:17] WARNING: Trying to access array offset on null in /var/www/html/GameEngine/Village.php:189 | uid=0 | page=/maintenance.php
[2026-08-21 13:55:17] WARNING: Trying to access array offset on null in /var/www/html/GameEngine/Village.php:190 | uid=0 | page=/maintenance.php
[2026-08-21 13:55:17] WARNING: Trying to access array offset on null in /var/www/html/GameEngine/Village.php:191 | uid=0 | page=/maintenance.php
[2026-08-21 13:55:17] WARNING: Trying to access array offset on null in /var/www/html/GameEngine/Village.php:192 | uid=0 | page=/maintenance.php
[2026-08-21 13:55:17] WARNING: Trying to access array offset on null in /var/www/html/GameEngine/Village.php:197 | uid=0 | page=/maintenance.php
[2026-08-21 13:55:17] WARNING: Trying to access array offset on null in /var/www/html/GameEngine/Village.php:199 | uid=0 | page=/maintenance.php
[2026-08-21 13:55:18] WARNING: Trying to access array offset on null in /var/www/html/GameEngine/Village.php:200 | uid=0 | page=/maintenance.php
[2026-08-21 13:55:18] WARNING: Trying to access array offset on null in /var/www/html/GameEngine/Village.php:201 | uid=0 | page=/maintenance.php
[2026-08-21 13:55:18] WARNING: Trying to access array offset on null in /var/www/html/GameEngine/Village.php:202 | uid=0 | page=/maintenance.php
[2026-08-21 13:55:18] WARNING: Trying to access array offset on null in /var/www/html/GameEngine/Village.php:206 | uid=0 | page=/maintenance.php
[2026-08-21 13:55:18] WARNING: Trying to access array offset on null in /var/www/html/GameEngine/Village.php:207 | uid=0 | page=/maintenance.php
[2026-08-21 13:55:18] WARNING: Trying to access array offset on null in /var/www/html/GameEngine/Village.php:208 | uid=0 | page=/maintenance.php
[2026-08-21 13:55:18] WARNING: Trying to access array offset on null in /var/www/html/GameEngine/Village.php:395 | uid=0 | page=/maintenance.php
[2026-08-21 13:55:18] WARNING: Trying to access array offset on null in /var/www/html/GameEngine/Village.php:396 | uid=0 | page=/maintenance.php
[2026-08-21 13:55:18] WARNING: Trying to access array offset on null in /var/www/html/GameEngine/Village.php:395 | uid=0 | page=/maintenance.php
[2026-08-21 13:55:18] WARNING: Trying to access array offset on null in /var/www/html/GameEngine/Village.php:396 | uid=0 | page=/maintenance.php
[2026-08-21 13:55:18] WARNING: Trying to access array offset on null in /var/www/html/GameEngine/Village.php:395 | uid=0 | page=/maintenance.php
[2026-08-21 13:55:18] WARNING: Trying to access array offset on null in /var/www/html/GameEngine/Village.php:396 | uid=0 | page=/maintenance.php
[2026-08-21 13:55:18] WARNING: Trying to access array offset on null in /var/www/html/GameEngine/Village.php:395 | uid=0 | page=/maintenance.php
[2026-08-21 13:55:18] WARNING: Trying to access array offset on null in /var/www/html/GameEngine/Village.php:396 | uid=0 | page=/maintenance.php
[2026-08-21 13:55:18] WARNING: Trying to access array offset on null in /var/www/html/GameEngine/Village.php:395 | uid=0 | page=/maintenance.php
[2026-08-21 13:55:18] WARNING: Trying to access array offset on null in /var/www/html/GameEngine/Village.php:396 | uid=0 | page=/maintenance.php
[2026-08-21 13:55:18] WARNING: Trying to access array offset on null in /var/www/html/GameEngine/Village.php:395 | uid=0 | page=/maintenance.php
[2026-08-21 13:55:18] WARNING: Trying to access array offset on null in /var/www/html/GameEngine/Village.php:396 | uid=0 | page=/maintenance.php
[2026-08-21 13:55:18] WARNING: Trying to access array offset on null in /var/www/html/GameEngine/Village.php:395 | uid=0 | page=/maintenance.php
[2026-08-21 13:55:18] WARNING: Trying to access array offset on null in /var/www/html/GameEngine/Village.php:396 | uid=0 | page=/maintenance.php
[2026-08-21 13:55:18] WARNING: Trying to access array offset on null in /var/www/html/GameEngine/Village.php:395 | uid=0 | page=/maintenance.php
[2026-08-21 13:55:18] WARNING: Trying to access array offset on null in /var/www/html/GameEngine/Village.php:396 | uid=0 | page=/maintenance.php
[2026-08-21 13:55:18] WARNING: Trying to access array offset on null in /var/www/html/GameEngine/Village.php:395 | uid=0 | page=/maintenance.php
[2026-08-21 13:55:18] WARNING: Trying to access array offset on null in /var/www/html/GameEngine/Village.php:396 | uid=0 | page=/maintenance.php
[2026-08-21 13:55:18] WARNING: Trying to access array offset on null in /var/www/html/GameEngine/Village.php:395 | uid=0 | page=/maintenance.php
[2026-08-21 13:55:18] WARNING: Trying to access array offset on null in /var/www/html/GameEngine/Village.php:396 | uid=0 | page=/maintenance.php
[2026-08-21 13:55:18] WARNING: Trying to access array offset on null in /var/www/html/GameEngine/Village.php:395 | uid=0 | page=/maintenance.php
[2026-08-21 13:55:18] WARNING: Trying to access array offset on null in /var/www/html/GameEngine/Village.php:396 | uid=0 | page=/maintenance.php
[2026-08-21 13:55:18] WARNING: Trying to access array offset on null in /var/www/html/GameEngine/Village.php:395 | uid=0 | page=/maintenance.php
[2026-08-21 13:55:18] WARNING: Trying to access array offset on null in /var/www/html/GameEngine/Village.php:396 | uid=0 | page=/maintenance.php
[2026-08-21 13:55:18] WARNING: Trying to access array offset on null in /var/www/html/GameEngine/Village.php:395 | uid=0 | page=/maintenance.php
[2026-08-21 13:55:18] WARNING: Trying to access array offset on null in /var/www/html/GameEngine/Village.php:396 | uid=0 | page=/maintenance.php
[2026-08-21 13:55:18] WARNING: Trying to access array offset on null in /var/www/html/GameEngine/Village.php:395 | uid=0 | page=/maintenance.php
[2026-08-21 13:55:18] WARNING: Trying to access array offset on null in /var/www/html/GameEngine/Village.php:396 | uid=0 | page=/maintenance.php
[2026-08-21 13:55:18] WARNING: Trying to access array offset on null in /var/www/html/GameEngine/Village.php:395 | uid=0 | page=/maintenance.php
[2026-08-21 13:55:18] WARNING: Trying to access array offset on null in /var/www/html/GameEngine/Village.php:396 | uid=0 | page=/maintenance.php
[2026-08-21 13:55:18] WARNING: Trying to access array offset on null in /var/www/html/GameEngine/Village.php:395 | uid=0 | page=/maintenance.php
[2026-08-21 13:55:18] WARNING: Trying to access array offset on null in /var/www/html/GameEngine/Village.php:396 | uid=0 | page=/maintenance.php
[2026-08-21 13:55:18] WARNING: Trying to access array offset on null in /var/www/html/GameEngine/Village.php:395 | uid=0 | page=/maintenance.php
[2026-08-21 13:55:18] WARNING: Trying to access array offset on null in /var/www/html/GameEngine/Village.php:396 | uid=0 | page=/maintenance.php
[2026-08-21 13:55:18] WARNING: Trying to access array offset on null in /var/www/html/GameEngine/Village.php:395 | uid=0 | page=/maintenance.php
[2026-08-21 13:55:18] WARNING: Trying to access array offset on null in /var/www/html/GameEngine/Village.php:396 | uid=0 | page=/maintenance.php
[2026-08-21 13:55:18] WARNING: Trying to access array offset on null in /var/www/html/GameEngine/Village.php:395 | uid=0 | page=/maintenance.php
[2026-08-21 13:55:18] WARNING: Trying to access array offset on null in /var/www/html/GameEngine/Village.php:396 | uid=0 | page=/maintenance.php
[2026-08-21 13:55:18] WARNING: Trying to access array offset on null in /var/www/html/GameEngine/Village.php:395 | uid=0 | page=/maintenance.php
[2026-08-21 13:55:18] WARNING: Trying to access array offset on null in /var/www/html/GameEngine/Village.php:396 | uid=0 | page=/maintenance.php
[2026-08-21 13:55:18] WARNING: Trying to access array offset on null in /var/www/html/GameEngine/Village.php:395 | uid=0 | page=/maintenance.php
[2026-08-21 13:55:19] WARNING: Trying to access array offset on null in /var/www/html/GameEngine/Village.php:396 | uid=0 | page=/maintenance.php
[2026-08-21 13:55:19] WARNING: Trying to access array offset on null in /var/www/html/GameEngine/Village.php:395 | uid=0 | page=/maintenance.php
[2026-08-21 13:55:19] WARNING: Trying to access array offset on null in /var/www/html/GameEngine/Village.php:396 | uid=0 | page=/maintenance.php
[2026-08-21 13:55:19] WARNING: Trying to access array offset on null in /var/www/html/GameEngine/Village.php:395 | uid=0 | page=/maintenance.php
[2026-08-21 13:55:19] WARNING: Trying to access array offset on null in /var/www/html/GameEngine/Village.php:396 | uid=0 | page=/maintenance.php
[2026-08-21 13:55:19] WARNING: Trying to access array offset on null in /var/www/html/GameEngine/Village.php:395 | uid=0 | page=/maintenance.php
[2026-08-21 13:55:19] WARNING: Trying to access array offset on null in /var/www/html/GameEngine/Village.php:396 | uid=0 | page=/maintenance.php
[2026-08-21 13:55:19] WARNING: Trying to access array offset on null in /var/www/html/GameEngine/Village.php:395 | uid=0 | page=/maintenance.php
[2026-08-21 13:55:19] WARNING: Trying to access array offset on null in /var/www/html/GameEngine/Village.php:396 | uid=0 | page=/maintenance.php
[2026-08-21 13:55:19] WARNING: Trying to access array offset on null in /var/www/html/GameEngine/Village.php:395 | uid=0 | page=/maintenance.php
[2026-08-21 13:55:19] WARNING: Trying to access array offset on null in /var/www/html/GameEngine/Village.php:396 | uid=0 | page=/maintenance.php
[2026-08-21 13:55:19] WARNING: Trying to access array offset on null in /var/www/html/GameEngine/Village.php:395 | uid=0 | page=/maintenance.php
[2026-08-21 13:55:19] WARNING: Trying to access array offset on null in /var/www/html/GameEngine/Village.php:396 | uid=0 | page=/maintenance.php
[2026-08-21 13:55:19] WARNING: Trying to access array offset on null in /var/www/html/GameEngine/Village.php:395 | uid=0 | page=/maintenance.php
[2026-08-21 13:55:19] WARNING: Trying to access array offset on null in /var/www/html/GameEngine/Village.php:396 | uid=0 | page=/maintenance.php
[2026-08-21 13:55:19] WARNING: Trying to access array offset on null in /var/www/html/GameEngine/Village.php:395 | uid=0 | page=/maintenance.php
[2026-08-21 13:55:19] WARNING: Trying to access array offset on null in /var/www/html/GameEngine/Village.php:396 | uid=0 | page=/maintenance.php
[2026-08-21 13:55:19] WARNING: Trying to access array offset on null in /var/www/html/GameEngine/Village.php:395 | uid=0 | page=/maintenance.php
[2026-08-21 13:55:19] WARNING: Trying to access array offset on null in /var/www/html/GameEngine/Village.php:396 | uid=0 | page=/maintenance.php
[2026-08-21 13:55:19] WARNING: Trying to access array offset on null in /var/www/html/GameEngine/Village.php:395 | uid=0 | page=/maintenance.php
[2026-08-21 13:55:19] WARNING: Trying to access array offset on null in /var/www/html/GameEngine/Village.php:396 | uid=0 | page=/maintenance.php
[2026-08-21 13:55:19] WARNING: Trying to access array offset on null in /var/www/html/GameEngine/Village.php:395 | uid=0 | page=/maintenance.php
[2026-08-21 13:55:19] WARNING: Trying to access array offset on null in /var/www/html/GameEngine/Village.php:396 | uid=0 | page=/maintenance.php
[2026-08-21 13:55:19] WARNING: Trying to access array offset on null in /var/www/html/GameEngine/Village.php:395 | uid=0 | page=/maintenance.php
[2026-08-21 13:55:19] WARNING: Trying to access array offset on null in /var/www/html/GameEngine/Village.php:396 | uid=0 | page=/maintenance.php
[2026-08-21 13:55:19] WARNING: Trying to access array offset on null in /var/www/html/GameEngine/Village.php:395 | uid=0 | page=/maintenance.php
[2026-08-21 13:55:19] WARNING: Trying to access array offset on null in /var/www/html/GameEngine/Village.php:396 | uid=0 | page=/maintenance.php
[2026-08-21 13:55:19] WARNING: Trying to access array offset on null in /var/www/html/GameEngine/Village.php:395 | uid=0 | page=/maintenance.php
[2026-08-21 13:55:19] WARNING: Trying to access array offset on null in /var/www/html/GameEngine/Village.php:396 | uid=0 | page=/maintenance.php
[2026-08-21 13:55:20] WARNING: Trying to access array offset on null in /var/www/html/GameEngine/Village.php:395 | uid=0 | page=/maintenance.php
[2026-08-21 13:55:20] WARNING: Trying to access array offset on null in /var/www/html/GameEngine/Village.php:396 | uid=0 | page=/maintenance.php
[2026-08-21 13:55:20] WARNING: Trying to access array offset on null in /var/www/html/GameEngine/Village.php:395 | uid=0 | page=/maintenance.php
[2026-08-21 13:55:20] WARNING: Trying to access array offset on null in /var/www/html/GameEngine/Village.php:396 | uid=0 | page=/maintenance.php
[2026-08-21 13:55:20] WARNING: Trying to access array offset on null in /var/www/html/GameEngine/Village.php:395 | uid=0 | page=/maintenance.php
[2026-08-21 13:55:20] WARNING: Trying to access array offset on null in /var/www/html/GameEngine/Village.php:396 | uid=0 | page=/maintenance.php
[2026-08-21 13:55:20] WARNING: Trying to access array offset on null in /var/www/html/GameEngine/Village.php:211 | uid=0 | page=/maintenance.php
[2026-08-21 13:55:20] WARNING: Trying to access array offset on null in /var/www/html/GameEngine/Village.php:247 | uid=0 | page=/maintenance.php
[2026-08-21 14:23:12] NOTICE: session_start(): Ignoring session_start() because a session is already active (started from /var/www/html/GameEngine/config.php on line 133) in /var/www/html/build_croppers.php:43 | uid=6 (admin) | page=/build_croppers.php
